coo: 36.3302284_-119.2920585,E 00:00:00,A 00:00:00,E 01:00:00,A 01:00:00,E 02:00:00,A 02:00:00,E 03:00:00,A 03:00:00,E 04:00:00,A 04:00:00,E 05:00:00,A 05:00:00,E 06:00:00,A 06:00:00,E 07:00:00,A 07:00:00,E 08:00:00,A 08:00:00,E 09:00:00,A 09:00:00,E 10:00:00,A 10:00:00,E 11:00:00,A 11:00:00,E 12:00:00,A 12:00:00,E 13:00:00,A 13:00:00,E 14:00:00,A 14:00:00,E 15:00:00,A 15:00:00,E 16:00:00,A 16:00:00,E 17:00:00,A 17:00:00,E 18:00:00,A 18:00:00,E 19:00:00,A 19:00:00,E 20:00:00,A 20:00:00,E 21:00:00,A 21:00:00,E 22:00:00,A 22:00:00,E 23:00:00,A 23:00:00
1/1/21,--,--,--,--,--,--,--,--,--,--,--,--,--,--,--,--,--,--,7.89,126.19,16.95,136.87,24.21,149.43,29.01,163.92,30.74,179.72,29.13,195.56,24.43,210.11,17.25,222.74,8.25,233.49,--,--,--,--,--,--,--,--,--,--,--,--
1/2/21,--,--,--,--,--,--,--,--,--,--,--,--,--,--,--,--,--,--,7.88,126.05,16.96,136.72,24.24,149.28,29.08,163.77,30.83,179.6,29.25,195.46,24.56,210.05,17.39,222.71,8.39,233.48,--,--,--,--,--,--,--,--,--,--,--,--
1/3/21,--,--,--,--,--,--,--,--,--,--,--,--,--,--,--,--,--,--,7.88,125.9,16.97,136.57,24.28,149.12,29.15,163.63,30.93,179.48,29.37,195.37,24.7,210,17.53,222.69,8.54,233.48,--,--,--,--,--,--,--,--,--,--,--,--
1/4/21,--,--,--,--,--,--,--,--,--,--,--,--,--,--,--,--,--,--,7.88,125.75,16.99,136.42,24.33,148.97,29.22,163.48,31.04,179.35,29.5,195.29,24.84,209.95,17.68,222.66,8.69,233.48,--,--,--,--,--,--,--,--,--,--,--,--
1/5/21,--,--,--,--,--,--,--,--,--,--,--,--,--,--,--,--,--,--,7.89,125.6,17.02,136.26,24.39,148.81,29.31,163.33,31.15,179.23,29.63,195.2,24.99,209.9,17.83,222.65,8.84,233.49,--,--,--,--,--,--,--,--,--,--,--,--
1/6/21,--,--,--,--,--,--,--,--,--,--,--,--,--,--,--,--,--,--,7.9,125.44,17.06,136.1,24.45,148.65,29.4,163.19,31.28,179.11,29.78,195.12,25.15,209.86,17.99,222.64,9,233.5,--,--,--,--,--,--,--,--,--,--,--,--
1/7/21,--,--,--,--,--,--,--,--,--,--,--,--,--,--,--,--,--,--,7.92,125.27,17.1,135.94,24.52,148.49,29.5,163.04,31.4,178.99,29.93,195.04,25.31,209.82,18.16,222.64,9.16,233.53,--,--,--,--,--,--,--,--,--,--,--,--
1/8/21,--,--,--,--,--,--,--,--,--,--,--,--,--,--,--,--,--,--,7.95,125.11,17.15,135.77,24.6,148.33,29.61,162.89,31.54,178.88,30.08,194.97,25.47,209.79,18.33,222.64,9.33,233.55,--,--,--,--,--,--,--,--,--,--,--,--
1/9/21,--,--,--,--,--,--,--,--,--,--,--,--,--,--,--,--,--,--,7.98,124.94,17.21,135.6,24.68,148.16,29.73,162.74,31.68,178.76,30.24,194.9,25.64,209.77,18.5,222.65,9.5,233.59,-0.77,243,--,--,--,--,--,--,--,--,--,--
1/10/21,--,--,--,--,--,--,--,--,--,--,--,--,--,--,--,--,--,--,8.02,124.76,17.27,135.42,24.78,147.99,29.85,162.59,31.83,178.65,30.41,194.83,25.82,209.75,18.68,222.67,9.68,233.63,-0.6,243.06,--,--,--,--,--,--,--,--,--,--
1/11/21,--,--,--,--,--,--,--,--,--,--,--,--,--,--,--,--,--,--,8.06,124.58,17.34,135.25,24.87,147.82,29.98,162.44,31.99,178.54,30.59,194.77,26,209.73,18.86,222.69,9.85,233.68,-0.43,243.12,--,--,--,--,--,--,--,--,--,--
1/12/21,--,--,--,--,--,--,--,--,--,--,--,--,--,--,--,--,--,--,8.11,124.4,17.42,135.07,24.98,147.65,30.11,162.29,32.15,178.43,30.77,194.71,26.19,209.72,19.05,222.72,10.03,233.73,-0.26,243.2,--,--,--,--,--,--,--,--,--,--
1/13/21,--,--,--,--,--,--,--,--,--,--,--,--,--,--,--,--,--,--,8.17,124.22,17.5,134.89,25.09,147.48,30.26,162.14,32.32,178.32,30.96,194.66,26.39,209.72,19.24,222.75,10.22,233.79,-0.08,243.28,--,--,--,--,--,--,--,--,--,--
1/14/21,--,--,--,--,--,--,--,--,--,--,--,--,--,--,--,--,--,--,8.24,124.03,17.59,134.7,25.21,147.3,30.41,162,32.5,178.22,31.15,194.61,26.58,209.72,19.43,222.79,10.41,233.86,0.1,243.36,--,--,--,--,--,--,--,--,--,--
1/15/21,--,--,--,--,--,--,--,--,--,--,--,--,--,--,--,--,--,--,8.31,123.84,17.68,134.51,25.34,147.13,30.56,161.85,32.68,178.11,31.35,194.57,26.79,209.73,19.63,222.84,10.6,233.93,0.28,243.46,--,--,--,--,--,--,--,--,--,--
1/16/21,--,--,--,--,--,--,--,--,--,--,--,--,--,--,--,--,--,--,8.38,123.64,17.79,134.32,25.47,146.95,30.73,161.7,32.87,178.01,31.56,194.52,27,209.74,19.83,222.89,10.79,234.01,0.46,243.56,--,--,--,--,--,--,--,--,--,--
1/17/21,--,--,--,--,--,--,--,--,--,--,--,--,--,--,--,--,--,--,8.47,123.44,17.9,134.13,25.61,146.77,30.9,161.55,33.07,177.91,31.77,194.49,27.21,209.76,20.04,222.95,10.99,234.1,0.65,243.66,--,--,--,--,--,--,--,--,--,--
1/18/21,--,--,--,--,--,--,--,--,--,--,--,--,--,--,--,--,--,--,8.56,123.24,18.01,133.94,25.75,146.59,31.08,161.4,33.27,177.82,31.99,194.46,27.43,209.78,20.25,223.01,11.19,234.19,0.84,243.77,--,--,--,--,--,--,--,--,--,--
1/19/21,--,--,--,--,--,--,--,--,--,--,--,--,--,--,--,--,--,--,8.65,123.04,18.13,133.74,25.91,146.41,31.26,161.25,33.48,177.73,32.21,194.43,27.65,209.81,20.46,223.09,11.39,234.29,1.03,243.89,--,--,--,--,--,--,--,--,--,--
1/20/21,--,--,--,--,--,--,--,--,--,--,--,--,--,--,--,--,--,--,8.75,122.83,18.26,133.54,26.07,146.23,31.45,161.11,33.7,177.63,32.44,194.4,27.88,209.85,20.68,223.17,11.59,234.4,1.22,244.02,--,--,--,--,--,--,--,--,--,--
1/21/21,--,--,--,--,--,--,--,--,--,--,--,--,--,--,--,--,--,--,8.86,122.62,18.4,133.34,26.23,146.05,31.65,160.96,33.92,177.55,32.67,194.39,28.11,209.89,20.9,223.25,11.8,234.51,1.42,244.15,--,--,--,--,--,--,--,--,--,--
1/22/21,--,--,--,--,--,--,--,--,--,--,--,--,--,--,--,--,--,--,8.97,122.41,18.54,133.14,26.4,145.86,31.85,160.81,34.15,177.46,32.91,194.37,28.34,209.94,21.13,223.34,12.01,234.63,1.61,244.29,--,--,--,--,--,--,--,--,--,--
1/23/21,--,--,--,--,--,--,--,--,--,--,--,--,--,--,--,--,--,--,9.1,122.2,18.68,132.93,26.58,145.68,32.06,160.67,34.39,177.38,33.15,194.36,28.58,209.99,21.35,223.44,12.22,234.76,1.81,244.44,--,--,--,--,--,--,--,--,--,--
1/24/21,--,--,--,--,--,--,--,--,--,--,--,--,--,--,--,--,--,--,9.22,121.98,18.84,132.73,26.77,145.49,32.28,160.52,34.63,177.3,33.4,194.36,28.83,210.05,21.58,223.55,12.44,234.89,2.01,244.59,--,--,--,--,--,--,--,--,--,--
1/25/21,--,--,--,--,--,--,--,--,--,--,--,--,--,--,--,--,--,--,9.35,121.76,19,132.52,26.96,145.3,32.5,160.38,34.87,177.22,33.66,194.36,29.08,210.12,21.82,223.66,12.65,235.03,2.21,244.75,--,--,--,--,--,--,--,--,--,--
1/26/21,--,--,--,--,--,--,--,--,--,--,--,--,--,--,--,--,--,--,9.49,121.54,19.16,132.31,27.16,145.12,32.73,160.23,35.12,177.15,33.92,194.36,29.33,210.19,22.05,223.78,12.87,235.18,2.41,244.92,--,--,--,--,--,--,--,--,--,--
1/27/21,--,--,--,--,--,--,--,--,--,--,--,--,--,--,--,--,--,--,9.64,121.32,19.33,132.1,27.36,144.93,32.97,160.09,35.38,177.08,34.18,194.38,29.58,210.27,22.29,223.9,13.09,235.33,2.61,245.09,--,--,--,--,--,--,--,--,--,--
1/28/21,--,--,--,--,--,--,--,--,--,--,--,--,--,--,--,--,--,--,9.79,121.09,19.51,131.88,27.57,144.74,33.21,159.95,35.65,177.01,34.45,194.39,29.84,210.36,22.53,224.03,13.31,235.49,2.81,245.26,--,--,--,--,--,--,--,--,--,--
1/29/21,--,--,--,--,--,--,--,--,--,--,--,--,--,--,--,--,--,--,9.94,120.86,19.7,131.67,27.79,144.55,33.46,159.81,35.91,176.94,34.72,194.41,30.11,210.45,22.78,224.17,13.53,235.65,3.02,245.45,--,--,--,--,--,--,--,--,--,--
1/30/21,--,--,--,--,--,--,--,--,--,--,--,--,--,--,--,--,-0.77,111.29,10.1,120.63,19.89,131.45,28.01,144.36,33.71,159.67,36.19,176.88,35,194.44,30.37,210.55,23.02,224.31,13.76,235.83,3.23,245.64,--,--,--,--,--,--,--,--,--,--
1/31/21,--,--,--,--,--,--,--,--,--,--,--,--,--,--,--,--,-0.62,111.05,10.27,120.4,20.08,131.23,28.24,144.17,33.97,159.53,36.47,176.82,35.28,194.47,30.64,210.65,23.27,224.47,13.98,236,3.43,245.83,--,--,--,--,--,--,--,--,--,--
2/1/21,--,--,--,--,--,--,--,--,--,--,--,--,--,--,--,--,-0.47,110.8,10.44,120.17,20.28,131.02,28.47,143.97,34.23,159.39,36.75,176.77,35.57,194.51,30.91,210.76,23.52,224.62,14.21,236.19,3.64,246.04,--,--,--,--,--,--,--,--,--,--
2/2/21,--,--,--,--,--,--,--,--,--,--,--,--,--,--,--,--,-0.31,110.56,10.62,119.93,20.49,130.8,28.71,143.78,34.5,159.25,37.04,176.71,35.86,194.55,31.19,210.88,23.77,224.79,14.44,236.38,3.85,246.24,--,--,--,--,--,--,--,--,--,--
2/3/21,--,--,--,--,--,--,--,--,--,--,--,--,--,--,--,--,-0.15,110.31,10.8,119.7,20.7,130.57,28.95,143.59,34.78,159.12,37.34,176.66,36.16,194.6,31.46,211.01,24.02,224.96,14.67,236.58,4.05,246.46,--,--,--,--,--,--,--,--,--,--
2/4/21,--,--,--,--,--,--,--,--,--,--,--,--,--,--,--,--,0.02,110.06,10.99,119.46,20.92,130.35,29.2,143.4,35.06,158.98,37.64,176.62,36.45,194.65,31.75,211.14,24.28,225.13,14.9,236.78,4.26,246.68,--,--,--,--,--,--,--,--,--,--
2/5/21,--,--,--,--,--,--,--,--,--,--,--,--,--,--,--,--,0.19,109.81,11.19,119.22,21.14,130.13,29.45,143.2,35.34,158.85,37.94,176.58,36.76,194.71,32.03,211.27,24.53,225.32,15.13,236.99,4.47,246.9,--,--,--,--,--,--,--,--,--,--
2/6/21,--,--,--,--,--,--,--,--,--,--,--,--,--,--,--,--,0.37,109.56,11.39,118.98,21.37,129.9,29.71,143.01,35.63,158.71,38.25,176.54,37.06,194.77,32.31,211.42,24.79,225.51,15.36,237.2,4.68,247.13,--,--,--,--,--,--,--,--,--,--
2/7/21,--,--,--,--,--,--,--,--,--,--,--,--,--,--,--,--,0.55,109.3,11.59,118.74,21.6,129.68,29.98,142.82,35.93,158.58,38.56,176.5,37.37,194.84,32.6,211.57,25.05,225.71,15.59,237.42,4.89,247.37,--,--,--,--,--,--,--,--,--,--
2/8/21,--,--,--,--,--,--,--,--,--,--,--,--,--,--,--,--,0.74,109.05,11.8,118.49,21.84,129.45,30.25,142.62,36.23,158.45,38.88,176.47,37.69,194.92,32.89,211.72,25.31,225.91,15.82,237.65,5.1,247.61,--,--,--,--,--,--,--,--,--,--
2/9/21,--,--,--,--,--,--,--,--,--,--,--,--,--,--,--,--,0.93,108.79,12.02,118.25,22.08,129.22,30.52,142.43,36.53,158.32,39.2,176.44,38,195,33.19,211.89,25.57,226.12,16.06,237.88,5.31,247.85,--,--,--,--,--,--,--,--,--,--
2/10/21,--,--,--,--,--,--,--,--,--,--,--,--,--,--,--,--,1.13,108.53,12.23,118,22.32,128.99,30.8,142.23,36.84,158.19,39.53,176.42,38.32,195.08,33.48,212.06,25.84,226.33,16.29,238.12,5.52,248.11,--,--,--,--,--,--,--,--,--,--
2/11/21,--,--,--,--,--,--,--,--,--,--,--,--,--,--,--,--,1.33,108.27,12.46,117.75,22.58,128.76,31.09,142.03,37.15,158.07,39.86,176.39,38.64,195.18,33.78,212.23,26.1,226.56,16.52,238.37,5.73,248.36,--,--,--,--,--,--,--,--,--,--
2/12/21,--,--,--,--,--,--,--,--,--,--,--,--,--,--,--,--,1.54,108.01,12.69,117.5,22.83,128.53,31.38,141.84,37.47,157.94,40.19,176.38,38.97,195.28,34.07,212.42,26.36,226.78,16.76,238.62,5.94,248.63,--,--,--,--,--,--,--,--,--,--
2/13/21,--,--,--,--,--,--,--,--,--,--,--,--,--,--,--,--,1.75,107.75,12.92,117.25,23.09,128.3,31.67,141.64,37.8,157.81,40.53,176.36,39.3,195.38,34.37,212.6,26.63,227.02,16.99,238.87,6.15,248.89,--,--,--,--,--,--,--,--,--,--
2/14/21,--,--,--,--,--,--,--,--,--,--,--,--,--,--,--,--,1.97,107.48,13.16,117,23.36,128.06,31.97,141.45,38.12,157.69,40.87,176.35,39.63,195.49,34.67,212.8,26.9,227.26,17.22,239.13,6.36,249.17,--,--,--,--,--,--,--,--,--,--
2/15/21,--,--,--,--,--,--,--,--,--,--,--,--,--,--,--,--,2.19,107.22,13.4,116.75,23.63,127.83,32.27,141.25,38.45,157.57,41.21,176.34,39.96,195.6,34.98,213,27.16,227.51,17.46,239.4,6.57,249.44,--,--,--,--,--,--,--,--,--,--
2/16/21,--,--,--,--,--,--,--,--,--,--,--,--,--,--,--,--,2.42,106.96,13.65,116.5,23.9,127.59,32.57,141.05,38.79,157.45,41.56,176.34,40.3,195.73,35.28,213.21,27.43,227.76,17.69,239.67,6.78,249.72,--,--,--,--,--,--,--,--,--,--
2/17/21,--,--,--,--,--,--,--,--,--,--,--,--,--,--,--,--,2.64,106.69,13.9,116.24,24.18,127.36,32.88,140.85,39.13,157.33,41.91,176.34,40.64,195.85,35.59,213.43,27.7,228.02,17.93,239.95,6.99,250.01,--,--,--,--,--,--,--,--,--,--
2/18/21,--,--,--,--,--,--,--,--,--,--,--,--,--,--,--,--,2.88,106.42,14.15,115.99,24.46,127.12,33.2,140.65,39.47,157.21,42.27,176.34,40.98,195.99,35.89,213.65,27.96,228.28,18.16,240.23,7.2,250.3,--,--,--,--,--,--,--,--,--,--
2/19/21,--,--,--,--,--,--,--,--,--,--,--,--,--,--,--,--,3.12,106.16,14.41,115.73,24.74,126.88,33.51,140.46,39.82,157.09,42.63,176.35,41.32,196.12,36.2,213.88,28.23,228.55,18.39,240.51,7.4,250.59,--,--,--,--,--,--,--,--,--,--
2/20/21,--,--,--,--,--,--,--,--,--,--,--,--,--,--,--,--,3.36,105.89,14.67,115.48,25.03,126.64,33.83,140.26,40.17,156.97,42.99,176.36,41.66,196.27,36.51,214.11,28.5,228.83,18.63,240.81,7.61,250.89,--,--,--,--,--,--,--,--,--,--
2/21/21,--,--,--,--,--,--,--,--,--,--,--,--,--,--,--,--,3.6,105.62,14.93,115.22,25.33,126.4,34.16,140.06,40.52,156.85,43.35,176.38,42.01,196.42,36.82,214.35,28.76,229.11,18.86,241.1,7.82,251.2,--,--,--,--,--,--,--,--,--,--
2/22/21,--,--,--,--,--,--,--,--,--,--,--,--,--,--,--,--,3.85,105.35,15.2,114.96,25.62,126.16,34.48,139.86,40.87,156.74,43.72,176.39,42.36,196.58,37.12,214.6,29.03,229.4,19.09,241.4,8.02,251.5,--,--,--,--,--,--,--,--,--,--
2/23/21,--,--,--,--,--,--,--,--,--,--,--,--,--,--,--,--,4.11,105.08,15.47,114.7,25.92,125.92,34.81,139.66,41.23,156.62,44.09,176.42,42.71,196.74,37.43,214.86,29.3,229.69,19.32,241.71,8.23,251.81,--,--,--,--,--,--,--,--,--,--
2/24/21,--,--,--,--,--,--,--,--,--,--,--,--,--,--,--,--,4.36,104.81,15.75,114.44,26.22,125.68,35.15,139.46,41.6,156.51,44.46,176.44,43.06,196.91,37.74,215.12,29.56,229.99,19.55,242.02,8.43,252.13,--,--,--,--,--,--,--,--,--,--
2/25/21,--,--,--,--,--,--,--,--,--,--,--,--,--,--,--,--,4.62,104.54,16.03,114.18,26.53,125.44,35.48,139.25,41.96,156.4,44.83,176.47,43.41,197.08,38.05,215.38,29.83,230.3,19.78,242.34,8.64,252.45,--,--,--,--,--,--,--,--,--,--
2/26/21,--,--,--,--,--,--,--,--,--,--,--,--,--,--,--,--,4.88,104.27,16.31,113.92,26.83,125.19,35.82,139.05,42.33,156.29,45.21,176.5,43.76,197.26,38.36,215.66,30.1,230.61,20.01,242.66,8.84,252.77,--,--,--,--,--,--,--,--,--,--
2/27/21,--,--,--,--,--,--,--,--,--,--,--,--,--,--,--,--,5.15,104,16.59,113.66,27.14,124.95,36.17,138.85,42.7,156.17,45.59,176.54,44.12,197.45,38.68,215.93,30.36,230.92,20.24,242.98,9.04,253.1,--,--,--,--,--,--,--,--,--,--
2/28/21,--,--,--,--,--,--,--,--,--,--,--,--,--,--,--,--,5.42,103.73,16.88,113.4,27.46,124.7,36.51,138.65,43.07,156.06,45.97,176.58,44.47,197.64,38.99,216.22,30.62,231.24,20.46,243.31,9.25,253.42,--,--,--,--,--,--,--,--,--,--
3/1/21,--,--,--,--,--,--,--,--,--,--,--,--,--,--,--,--,5.69,103.46,17.17,113.13,27.77,124.46,36.86,138.44,43.45,155.95,46.35,176.62,44.83,197.84,39.3,216.51,30.89,231.57,20.69,243.64,9.45,253.76,--,--,--,--,--,--,--,--,--,--
3/2/21,--,--,--,--,--,--,--,--,--,--,--,--,--,--,--,--,5.96,103.18,17.46,112.87,28.09,124.21,37.21,138.24,43.82,155.84,46.73,176.67,45.19,198.05,39.61,216.81,31.15,231.9,20.92,243.97,9.65,254.09,--,--,--,--,--,--,--,--,--,--
3/3/21,--,--,--,--,--,--,--,--,--,--,--,--,--,--,--,--,6.24,102.91,17.75,112.6,28.41,123.96,37.56,138.03,44.2,155.74,47.12,176.72,45.55,198.26,39.92,217.11,31.41,232.23,21.14,244.31,9.84,254.43,--,--,--,--,--,--,--,--,--,--
3/4/21,--,--,--,--,--,--,--,--,--,--,--,--,--,--,--,--,6.52,102.64,18.05,112.34,28.73,123.71,37.91,137.82,44.59,155.63,47.51,176.77,45.91,198.47,40.22,217.42,31.67,232.57,21.36,244.66,10.04,254.77,--,--,--,--,--,--,--,--,--,--
3/5/21,--,--,--,--,--,--,--,--,--,--,--,--,--,--,--,--,6.8,102.36,18.35,112.07,29.05,123.46,38.26,137.61,44.97,155.52,47.9,176.83,46.27,198.7,40.53,217.74,31.93,232.92,21.58,245,10.24,255.11,--,--,--,--,--,--,--,--,--,--
3/6/21,--,--,--,--,--,--,--,--,--,--,--,--,--,--,--,--,7.08,102.09,18.65,111.81,29.38,123.21,38.62,137.41,45.35,155.41,48.29,176.89,46.62,198.93,40.84,218.06,32.19,233.27,21.8,245.35,10.44,255.46,--,--,--,--,--,--,--,--,--,--
3/7/21,--,--,--,--,--,--,--,--,--,--,--,--,--,--,--,--,7.37,101.82,18.95,111.54,29.7,122.95,38.98,137.2,45.74,155.31,48.68,176.96,46.98,199.16,41.15,218.39,32.45,233.62,22.02,245.7,10.63,255.81,--,--,--,--,--,--,--,--,--,--
3/8/21,--,--,--,--,--,--,--,--,--,--,--,--,--,--,--,--,7.65,101.54,19.25,111.27,30.03,122.7,39.34,136.98,46.13,155.2,49.07,177.03,47.34,199.4,41.45,218.72,32.7,233.98,22.24,246.06,10.82,256.16,--,--,--,--,--,--,--,--,--,--
3/9/21,--,--,--,--,--,--,--,--,--,--,--,--,--,--,--,--,7.94,101.27,19.55,111,30.36,122.45,39.7,136.77,46.52,155.09,49.47,177.1,47.7,199.65,41.76,219.06,32.96,234.34,22.46,246.42,11.02,256.51,--,--,--,--,--,--,--,--,--,--
3/10/21,--,--,--,--,--,--,--,--,--,--,--,--,--,--,--,--,8.23,100.99,19.86,110.73,30.69,122.19,40.06,136.56,46.91,154.98,49.86,177.17,48.06,199.9,42.06,219.4,33.21,234.7,22.67,246.78,11.21,256.87,-0.72,265.97,--,--,--,--,--,--,--,--
3/11/21,--,--,--,--,--,--,--,--,--,--,--,--,--,--,--,--,8.52,100.72,20.17,110.46,31.02,121.93,40.42,136.34,47.3,154.88,50.26,177.25,48.42,200.16,42.37,219.75,33.46,235.07,22.89,247.15,11.4,257.22,-0.54,266.32,--,--,--,--,--,--,--,--
3/12/21,--,--,--,--,--,--,--,--,--,--,--,--,--,--,--,--,8.82,100.45,20.47,110.19,31.35,121.67,40.79,136.13,47.69,154.77,50.65,177.33,48.78,200.42,42.67,220.1,33.71,235.45,23.1,247.51,11.59,257.58,-0.36,266.68,--,--,--,--,--,--,--,--
3/13/21,--,--,--,--,--,--,--,--,--,--,--,--,--,--,--,--,9.11,100.17,20.78,109.92,31.69,121.41,41.15,135.91,48.09,154.66,51.05,177.42,49.14,200.69,42.97,220.46,33.96,235.83,23.31,247.88,11.78,257.94,-0.18,267.04,--,--,--,--,--,--,--,--
3/14/21,--,--,--,--,--,--,--,--,--,--,--,--,--,--,--,--,21.09,109.65,32.02,121.15,41.52,135.69,48.48,154.56,51.44,177.51,49.5,200.97,43.27,220.83,34.21,236.21,23.52,248.25,11.97,258.3,-0.01,267.4,-12.06,276.37,--,--,--,--,--,--,--,--
3/15/21,--,--,--,--,--,--,--,--,--,--,--,--,--,--,--,--,21.4,109.37,32.36,120.89,41.88,135.47,48.88,154.45,51.84,177.6,49.86,201.25,43.57,221.2,34.45,236.59,23.73,248.63,12.15,258.67,0.17,267.76,-11.88,276.74,--,--,--,--,--,--,--,--
3/16/21,--,--,--,--,--,--,--,--,--,--,--,--,--,--,--,--,21.71,109.1,32.69,120.63,42.25,135.25,49.27,154.34,52.24,177.69,50.21,201.53,43.86,221.57,34.7,236.98,23.94,249,12.34,259.03,0.35,268.12,-11.7,277.11,--,--,--,--,--,--,--,--
3/17/21,--,--,--,--,--,--,--,--,--,--,--,--,--,--,--,--,22.02,108.82,33.02,120.36,42.62,135.02,49.67,154.23,52.64,177.79,50.57,201.83,44.16,221.95,34.94,237.37,24.15,249.38,12.52,259.4,0.53,268.48,-11.52,277.47,--,--,--,--,--,--,--,--
3/18/21,--,--,--,--,--,--,--,--,--,--,--,--,--,--,--,--,22.33,108.55,33.36,120.09,42.98,134.8,50.06,154.12,53.03,177.89,50.93,202.12,44.45,222.34,35.18,237.76,24.35,249.76,12.71,259.77,0.7,268.84,-11.34,277.84,--,--,--,--,--,--,--,--
3/19/21,--,--,--,--,--,--,--,--,--,--,--,--,--,--,--,--,22.65,108.27,33.69,119.83,43.35,134.57,50.46,154.01,53.43,177.99,51.28,202.43,44.74,222.73,35.42,238.16,24.55,250.14,12.89,260.13,0.88,269.2,-11.16,278.21,--,--,--,--,--,--,--,--
3/20/21,--,--,--,--,--,--,--,--,--,--,--,--,--,--,--,--,22.96,108,34.03,119.56,43.71,134.34,50.85,153.9,53.83,178.1,51.63,202.74,45.03,223.12,35.66,238.56,24.75,250.53,13.07,260.5,1.05,269.57,-10.98,278.58,--,--,--,--,--,--,--,--
3/21/21,--,--,--,--,--,--,--,--,--,--,--,--,--,--,11.48,97.97,23.27,107.72,34.36,119.29,44.08,134.11,51.25,153.79,54.23,178.21,51.98,203.05,45.32,223.52,35.89,238.96,24.95,250.91,13.25,260.87,1.22,269.93,-10.8,278.94,--,--,--,--,--,--,--,--
3/22/21,--,--,--,--,--,--,--,--,--,--,--,--,--,--,11.78,97.69,23.58,107.44,34.69,119.01,44.45,133.87,51.65,153.67,54.62,178.32,52.34,203.37,45.61,223.92,36.12,239.36,25.15,251.3,13.43,261.24,1.4,270.29,-10.63,279.31,--,--,--,--,--,--,--,--
3/23/21,--,--,--,--,--,--,--,--,--,--,--,--,--,--,12.08,97.42,23.89,107.16,35.03,118.74,44.81,133.64,52.04,153.56,55.02,178.43,52.68,203.7,45.89,224.33,36.36,239.77,25.35,251.68,13.61,261.61,1.57,270.65,-10.45,279.67,--,--,--,--,--,--,--,--
3/24/21,--,--,--,--,--,--,--,--,--,--,--,--,--,--,12.37,97.14,24.2,106.88,35.36,118.46,45.17,133.4,52.43,153.44,55.41,178.55,53.03,204.03,46.17,224.73,36.58,240.18,25.54,252.07,13.79,261.98,1.74,271.01,-10.27,280.04,--,--,--,--,--,--,--,--
3/25/21,--,--,--,--,--,--,--,--,--,--,--,--,--,--,12.67,96.87,24.5,106.6,35.69,118.19,45.54,133.16,52.83,153.32,55.81,178.67,53.38,204.36,46.45,225.15,36.81,240.59,25.74,252.46,13.96,262.35,1.91,271.38,-10.09,280.4,--,--,--,--,--,--,--,--
3/26/21,--,--,--,--,--,--,--,--,--,--,--,--,--,--,12.96,96.59,24.81,106.32,36.02,117.91,45.9,132.91,53.22,153.2,56.2,178.79,53.72,204.7,46.73,225.57,37.04,241,25.93,252.85,14.14,262.72,2.09,271.74,-9.91,280.76,--,--,--,--,--,--,--,--
3/27/21,--,--,--,--,--,--,--,--,--,--,--,--,--,--,13.26,96.31,25.12,106.04,36.34,117.63,46.26,132.67,53.61,153.08,56.59,178.92,54.06,205.05,47.01,225.99,37.26,241.42,26.12,253.24,14.31,263.09,2.26,272.1,-9.73,281.12,--,--,--,--,--,--,--,--
3/28/21,--,--,--,--,--,--,--,--,--,--,--,--,--,--,13.55,96.04,25.42,105.76,36.67,117.34,46.62,132.42,54,152.96,56.98,179.05,54.4,205.4,47.28,226.41,37.48,241.83,26.31,253.63,14.48,263.46,2.43,272.46,-9.55,281.48,--,--,--,--,--,--,--,--
3/29/21,--,--,--,--,--,--,--,--,--,--,--,--,--,--,13.85,95.76,25.72,105.47,37,117.06,46.97,132.16,54.39,152.83,57.37,179.18,54.74,205.75,47.55,226.84,37.7,242.25,26.5,254.02,14.66,263.83,2.6,272.81,-9.37,281.84,--,--,--,--,--,--,--,--
3/30/21,--,--,--,--,--,--,--,--,--,--,--,--,--,--,14.14,95.49,26.03,105.19,37.32,116.77,47.33,131.91,54.78,152.71,57.76,179.31,55.08,206.11,47.82,227.27,37.92,242.67,26.68,254.41,14.83,264.19,2.76,273.17,-9.19,282.2,--,--,--,--,--,--,--,--
3/31/21,--,--,--,--,--,--,--,--,--,--,--,--,--,--,14.43,95.21,26.33,104.9,37.64,116.49,47.68,131.65,55.17,152.58,58.15,179.44,55.41,206.48,48.09,227.7,38.13,243.08,26.87,254.79,15,264.56,2.93,273.53,-9.01,282.55,--,--,--,--,--,--,--,--
4/1/21,--,--,--,--,--,--,--,--,--,--,--,--,--,--,14.71,94.94,26.63,104.62,37.96,116.2,48.03,131.39,55.55,152.44,58.54,179.58,55.75,206.85,48.35,228.14,38.35,243.5,27.05,255.18,15.17,264.93,3.1,273.88,-8.83,282.91,--,--,--,--,--,--,--,--
4/2/21,--,--,--,--,--,--,--,--,--,--,--,--,--,--,15,94.66,26.92,104.33,38.28,115.91,48.38,131.13,55.94,152.31,58.92,179.71,56.08,207.22,48.61,228.57,38.56,243.92,27.23,255.57,15.33,265.29,3.27,274.24,-8.66,283.26,--,--,--,--,--,--,--,--
4/3/21,--,--,--,--,--,--,--,--,--,--,--,--,--,--,15.29,94.38,27.22,104.05,38.59,115.61,48.73,130.86,56.32,152.17,59.3,179.85,56.4,207.6,48.87,229.02,38.77,244.34,27.41,255.96,15.5,265.66,3.44,274.59,-8.48,283.61,--,--,--,--,--,--,--,--
4/4/21,--,--,--,--,--,--,--,--,--,--,--,--,--,--,15.57,94.11,27.51,103.76,38.91,115.32,49.08,130.59,56.7,152.03,59.68,179.99,56.73,207.98,49.13,229.46,38.97,244.76,27.59,256.35,15.67,266.02,3.6,274.94,-8.3,283.95,--,--,--,--,--,--,--,--
4/5/21,--,--,--,--,--,--,--,--,--,--,--,--,--,--,15.85,93.83,27.8,103.47,39.22,115.02,49.42,130.32,57.08,151.89,60.06,180.14,57.05,208.37,49.38,229.9,39.18,245.18,27.77,256.73,15.83,266.38,3.77,275.29,-8.12,284.3,--,--,--,--,--,--,--,--
4/6/21,--,--,--,--,--,--,--,--,--,--,--,--,--,--,16.13,93.56,28.09,103.18,39.52,114.73,49.76,130.05,57.45,151.74,60.44,180.28,57.37,208.76,49.63,230.35,39.38,245.6,27.94,257.12,16,266.74,3.94,275.63,-7.94,284.64,--,--,--,--,--,--,--,--
4/7/21,--,--,--,--,--,--,--,--,--,--,--,--,--,--,16.41,93.28,28.37,102.89,39.83,114.43,50.09,129.77,57.83,151.59,60.82,180.43,57.69,209.15,49.88,230.8,39.58,246.03,28.12,257.5,16.16,267.1,4.1,275.98,-7.76,284.98,--,--,--,--,--,--,--,--
4/8/21,--,--,--,--,--,--,--,--,--,--,--,--,--,--,16.68,93.01,28.65,102.61,40.13,114.13,50.43,129.49,58.2,151.43,61.19,180.57,58.01,209.55,50.13,231.24,39.78,246.44,28.29,257.89,16.32,267.46,4.27,276.32,-7.59,285.32,--,--,--,--,--,--,--,--
4/9/21,--,--,--,--,--,--,--,--,--,--,--,--,--,--,16.95,92.74,28.93,102.32,40.43,113.82,50.76,129.2,58.56,151.28,61.56,180.72,58.32,209.95,50.37,231.69,39.98,246.86,28.46,258.27,16.49,267.81,4.43,276.66,-7.41,285.65,--,--,--,--,--,--,--,--
4/10/21,--,--,--,--,--,--,--,--,--,--,--,--,--,--,17.22,92.46,29.21,102.03,40.72,113.52,51.09,128.91,58.93,151.11,61.93,180.87,58.63,210.35,50.61,232.15,40.17,247.28,28.63,258.65,16.65,268.16,4.59,277,-7.23,285.98,--,--,--,--,--,--,--,--
4/11/21,--,--,--,--,--,--,--,--,--,--,--,--,--,--,17.49,92.19,29.48,101.74,41.02,113.21,51.41,128.62,59.29,150.95,62.29,181.02,58.94,210.76,50.85,232.6,40.37,247.7,28.8,259.03,16.81,268.51,4.76,277.33,-7.05,286.31,--,--,--,--,--,--,--,--
4/12/21,--,--,--,--,--,--,--,--,--,--,--,--,--,--,17.75,91.92,29.75,101.44,41.31,112.91,51.73,128.32,59.65,150.78,62.66,181.17,59.24,211.17,51.09,233.05,40.56,248.11,28.97,259.4,16.97,268.86,4.92,277.66,-6.88,286.64,--,--,--,--,--,--,--,--
4/13/21,--,--,--,--,--,--,--,--,--,--,--,--,--,--,18.01,91.64,30.02,101.15,41.59,112.6,52.05,128.03,60.01,150.6,63.02,181.32,59.54,211.58,51.32,233.5,40.75,248.53,29.13,259.78,17.12,269.21,5.08,277.99,-6.7,286.96,--,--,--,--,--,--,--,--
4/14/21,--,--,--,--,--,--,--,--,--,--,--,--,--,--,18.27,91.37,30.28,100.86,41.87,112.29,52.37,127.72,60.36,150.43,63.37,181.47,59.84,211.99,51.55,233.95,40.93,248.94,29.3,260.15,17.28,269.55,5.24,278.32,-6.52,287.28,--,--,--,--,--,--,--,--
4/15/21,--,--,--,--,--,--,--,--,--,--,--,--,--,--,18.52,91.1,30.54,100.57,42.15,111.98,52.68,127.42,60.71,150.24,63.73,181.62,60.13,212.41,51.78,234.41,41.12,249.35,29.46,260.52,17.44,269.89,5.41,278.64,-6.35,287.6,--,--,--,--,--,--,--,--
4/16/21,--,--,--,--,--,--,--,--,--,--,--,--,--,--,18.77,90.83,30.8,100.28,42.42,111.66,52.98,127.11,61.06,150.05,64.08,181.77,60.43,212.83,52,234.86,41.3,249.76,29.62,260.89,17.59,270.23,5.57,278.96,-6.17,287.91,--,--,--,--,--,--,--,--
4/17/21,--,--,--,--,--,--,--,--,--,--,--,--,--,--,19.02,90.56,31.05,99.99,42.69,111.35,53.28,126.8,61.4,149.86,64.43,181.92,60.72,213.25,52.23,235.31,41.48,250.17,29.78,261.25,17.75,270.56,5.73,279.28,-5.99,288.22,--,--,--,--,--,--,--,--
4/18/21,--,--,--,--,--,--,--,--,--,--,--,--,--,--,19.27,90.29,31.3,99.7,42.96,111.03,53.58,126.48,61.74,149.66,64.78,182.07,61,213.67,52.45,235.76,41.66,250.58,29.94,261.61,17.9,270.9,5.89,279.6,-5.82,288.53,--,--,--,--,--,--,--,--
4/19/21,--,--,--,--,--,--,--,--,--,--,--,--,--,--,19.51,90.02,31.55,99.4,43.22,110.72,53.88,126.16,62.08,149.46,65.12,182.22,61.28,214.1,52.66,236.21,41.84,250.98,30.1,261.97,18.06,271.23,6.05,279.91,-5.64,288.83,--,--,--,--,--,--,--,--
4/20/21,--,--,--,--,--,--,--,--,--,--,--,--,--,--,19.74,89.75,31.79,99.11,43.48,110.4,54.16,125.84,62.41,149.25,65.46,182.36,61.56,214.52,52.88,236.66,42.01,251.38,30.26,262.33,18.21,271.55,6.21,280.21,-5.47,289.13,--,--,--,--,--,--,--,--
4/21/21,--,--,--,--,--,--,--,--,--,--,--,--,--,--,19.98,89.49,32.03,98.82,43.73,110.08,54.45,125.51,62.74,149.04,65.8,182.51,61.84,214.95,53.09,237.1,42.18,251.77,30.41,262.68,18.36,271.87,6.37,280.52,-5.29,289.42,--,--,--,--,--,--,--,--
4/22/21,--,--,--,--,--,--,--,--,--,--,--,--,--,--,20.21,89.22,32.26,98.53,43.98,109.76,54.73,125.18,63.06,148.82,66.13,182.66,62.11,215.37,53.3,237.55,42.35,252.17,30.57,263.03,18.51,272.19,6.52,280.82,-5.12,289.71,--,--,--,--,--,--,--,--
4/23/21,--,--,--,--,--,--,--,--,--,--,--,--,--,--,20.43,88.95,32.49,98.24,44.23,109.44,55,124.85,63.38,148.59,66.46,182.8,62.38,215.8,53.5,237.99,42.52,252.56,30.72,263.37,18.66,272.51,6.68,281.11,-4.95,290,--,--,--,--,--,--,--,--
4/24/21,--,--,--,--,--,--,--,--,--,--,--,--,--,--,20.65,88.69,32.71,97.95,44.47,109.12,55.27,124.52,63.69,148.36,66.79,182.94,62.65,216.23,53.7,238.43,42.69,252.95,30.87,263.71,18.81,272.82,6.84,281.41,-4.77,290.28,--,--,--,--,--,--,--,--
4/25/21,--,--,--,--,--,--,--,--,--,--,--,--,--,--,20.87,88.43,32.93,97.66,44.7,108.8,55.54,124.18,64,148.12,67.11,183.09,62.91,216.66,53.9,238.87,42.86,253.33,31.02,264.05,18.96,273.12,6.99,281.7,-4.6,290.56,--,--,--,--,--,--,--,--
4/26/21,--,--,--,--,--,--,--,--,--,--,--,--,--,--,21.08,88.17,33.15,97.37,44.93,108.48,55.8,123.84,64.31,147.88,67.43,183.23,63.17,217.08,54.1,239.3,43.02,253.71,31.17,264.39,19.11,273.43,7.15,281.98,-4.43,290.83,--,--,--,--,--,--,--,--
4/27/21,--,--,--,--,--,--,--,--,--,--,--,--,--,--,21.29,87.91,33.36,97.09,45.15,108.16,56.06,123.49,64.61,147.63,67.74,183.36,63.42,217.51,54.3,239.73,43.18,254.09,31.32,264.72,19.25,273.73,7.3,282.26,-4.26,291.1,--,--,--,--,--,--,--,--
4/28/21,--,--,--,--,--,--,--,--,--,--,--,--,--,--,21.5,87.65,33.57,96.8,45.37,107.84,56.31,123.15,64.91,147.38,68.05,183.5,63.67,217.93,54.49,240.16,43.34,254.46,31.47,265.04,19.4,274.02,7.46,282.54,-4.09,291.36,--,--,--,--,--,--,--,--
4/29/21,--,--,--,--,--,--,--,--,--,--,--,--,--,--,21.7,87.39,33.77,96.51,45.59,107.51,56.55,122.8,65.2,147.12,68.36,183.63,63.92,218.36,54.68,240.58,43.5,254.83,31.61,265.36,19.54,274.31,7.61,282.81,-3.92,291.62,--,--,--,--,--,--,--,--
4/30/21,--,--,--,--,--,--,--,--,--,--,--,--,--,--,21.89,87.13,33.97,96.23,45.8,107.19,56.79,122.45,65.48,146.85,68.66,183.76,64.17,218.78,54.87,241.01,43.66,255.19,31.75,265.68,19.69,274.6,7.77,283.08,-3.75,291.88,--,--,--,--,--,--,--,--
5/1/21,--,--,--,--,--,--,--,--,--,--,--,--,--,--,22.08,86.88,34.16,95.95,46,106.87,57.02,122.1,65.76,146.58,68.96,183.88,64.41,219.2,55.05,241.42,43.81,255.55,31.9,265.99,19.83,274.88,7.92,283.34,-3.58,292.13,--,--,--,--,--,--,--,--
5/2/21,--,--,--,--,--,--,--,--,--,--,--,--,--,--,22.27,86.63,34.35,95.67,46.2,106.55,57.25,121.74,66.04,146.3,69.26,184,64.65,219.61,55.23,241.83,43.96,255.9,32.04,266.3,19.97,275.16,8.07,283.6,-3.41,292.37,--,--,--,--,--,--,--,--
5/3/21,--,--,--,--,--,--,--,--,--,--,--,--,--,--,22.45,86.38,34.53,95.39,46.4,106.23,57.47,121.39,66.31,146.01,69.55,184.12,64.88,220.03,55.41,242.24,44.11,256.25,32.18,266.6,20.12,275.43,8.22,283.85,-3.24,292.61,--,--,--,--,--,--,--,--
5/4/21,--,--,--,--,--,--,--,--,--,--,--,--,--,--,22.63,86.13,34.71,95.11,46.59,105.91,57.69,121.03,66.57,145.72,69.83,184.23,65.11,220.44,55.59,242.65,44.26,256.6,32.32,266.9,20.26,275.7,8.37,284.1,-3.08,292.85,--,--,--,--,--,--,--,--
5/5/21,--,--,--,--,--,--,--,--,--,--,--,--,10.85,77.5,22.8,85.88,34.88,94.83,46.77,105.59,57.9,120.67,66.83,145.43,70.12,184.34,65.34,220.85,55.76,243.04,44.41,256.94,32.46,267.2,20.4,275.96,8.52,284.34,-2.91,293.08,--,--,--,--,--,--,--,--
5/6/21,--,--,--,--,--,--,--,--,--,--,--,--,11.02,77.28,22.97,85.64,35.05,94.56,46.95,105.28,58.11,120.31,67.09,145.12,70.39,184.44,65.56,221.25,55.93,243.44,44.56,257.27,32.59,267.48,20.53,276.22,8.66,284.58,-2.75,293.31,--,--,--,--,--,--,--,--
5/7/21,--,--,--,--,--,--,--,--,--,--,--,--,11.19,77.05,23.13,85.39,35.21,94.28,47.12,104.96,58.31,119.95,67.34,144.81,70.67,184.54,65.78,221.66,56.1,243.82,44.7,257.6,32.73,267.77,20.67,276.47,8.81,284.81,-2.59,293.53,--,--,--,--,--,--,--,--
5/8/21,--,--,--,--,--,--,--,--,--,--,--,--,11.36,76.84,23.29,85.15,35.37,94.01,47.29,104.65,58.5,119.59,67.58,144.5,70.94,184.64,66,222.05,56.27,244.2,44.84,257.92,32.86,268.04,20.81,276.72,8.96,285.04,-2.43,293.74,--,--,--,--,--,--,--,--
5/9/21,--,--,--,--,--,--,--,--,--,--,--,--,11.52,76.62,23.44,84.92,35.52,93.75,47.45,104.34,58.69,119.23,67.81,144.18,71.2,184.72,66.21,222.44,56.43,244.58,44.98,258.24,33,268.32,20.94,276.96,9.1,285.27,-2.27,293.95,--,--,--,--,--,--,--,--
5/10/21,--,--,--,--,--,--,--,--,--,--,--,--,11.67,76.4,23.59,84.68,35.67,93.48,47.61,104.03,58.87,118.87,68.04,143.85,71.46,184.81,66.42,222.83,56.59,244.95,45.12,258.55,33.13,268.58,21.08,277.2,9.25,285.48,-2.11,294.16,--,--,--,--,--,--,--,--
5/11/21,--,--,--,--,--,--,--,--,--,--,--,--,11.82,76.19,23.73,84.45,35.81,93.22,47.76,103.72,59.04,118.51,68.27,143.52,71.71,184.88,66.62,223.21,56.75,245.31,45.26,258.85,33.26,268.84,21.21,277.43,9.39,285.7,-1.95,294.35,--,--,--,--,--,--,--,--
5/12/21,--,--,--,--,--,--,--,--,--,--,--,--,11.97,75.98,23.87,84.22,35.94,92.96,47.9,103.42,59.21,118.15,68.48,143.19,71.96,184.95,66.82,223.59,56.91,245.67,45.39,259.15,33.39,269.1,21.34,277.66,9.53,285.9,-1.8,294.55,--,--,--,--,--,--,--,--
5/13/21,--,--,--,--,--,--,--,--,--,--,--,--,12.11,75.78,24,84,36.08,92.7,48.04,103.12,59.38,117.79,68.69,142.85,72.2,185.01,67.02,223.96,57.06,246.02,45.53,259.44,33.52,269.35,21.47,277.88,9.67,286.11,-1.64,294.74,--,--,--,--,--,--,--,--
5/14/21,--,--,--,--,--,--,--,--,--,--,--,--,12.25,75.58,24.13,83.77,36.2,92.45,48.17,102.82,59.53,117.43,68.9,142.5,72.44,185.07,67.21,224.32,57.21,246.36,45.66,259.72,33.64,269.59,21.6,278.09,9.81,286.3,-1.49,294.92,--,--,--,--,--,--,--,--
5/15/21,--,--,--,--,--,--,--,--,--,--,--,--,12.38,75.37,24.25,83.55,36.32,92.2,48.3,102.52,59.68,117.08,69.1,142.16,72.68,185.12,67.4,224.67,57.36,246.69,45.79,260,33.77,269.83,21.73,278.3,9.95,286.49,-1.34,295.1,--,--,--,--,--,--,--,--
5/16/21,--,--,--,--,--,--,--,--,--,--,--,--,12.5,75.18,24.37,83.34,36.44,91.95,48.42,102.23,59.83,116.72,69.29,141.8,72.91,185.16,67.59,225.02,57.51,247.02,45.92,260.27,33.89,270.06,21.86,278.51,10.08,286.68,-1.19,295.27,--,--,--,--,--,--,--,--
5/17/21,--,--,--,--,--,--,--,--,--,--,--,--,12.63,74.98,24.48,83.12,36.55,91.71,48.54,101.94,59.97,116.37,69.48,141.45,73.13,185.19,67.77,225.36,57.65,247.34,46.04,260.54,34.02,270.28,21.99,278.7,10.22,286.86,-1.04,295.43,--,--,--,--,--,--,--,--
5/18/21,--,--,--,--,--,--,--,--,--,--,--,--,12.74,74.79,24.59,82.91,36.65,91.47,48.65,101.66,60.1,116.03,69.65,141.09,73.35,185.21,67.95,225.69,57.79,247.65,46.17,260.79,34.14,270.5,22.11,278.9,10.35,287.03,-0.9,295.59,--,--,--,--,--,--,--,--
5/19/21,--,--,--,--,--,--,--,--,--,--,--,--,12.85,74.6,24.7,82.71,36.75,91.24,48.76,101.38,60.23,115.68,69.83,140.73,73.56,185.23,68.12,226.01,57.93,247.95,46.29,261.04,34.26,270.71,22.23,279.08,10.48,287.2,-0.75,295.75,-11.16,305.32,--,--,--,--,--,--
5/20/21,--,--,--,--,--,--,--,--,--,--,--,--,12.96,74.42,24.79,82.5,36.85,91.01,48.86,101.1,60.35,115.34,69.99,140.37,73.77,185.24,68.29,226.33,58.07,248.24,46.41,261.28,34.37,270.91,22.35,279.26,10.61,287.36,-0.61,295.9,-11,305.45,--,--,--,--,--,--
5/21/21,--,--,--,--,--,--,--,--,--,--,--,--,13.06,74.24,24.89,82.31,36.94,90.78,48.95,100.83,60.46,115,70.15,140.01,73.97,185.24,68.46,226.63,58.2,248.53,46.53,261.52,34.49,271.11,22.47,279.43,10.74,287.52,-0.47,296.04,-10.85,305.58,--,--,--,--,--,--
5/22/21,--,--,--,--,--,--,--,--,--,--,--,--,13.16,74.06,24.97,82.11,37.02,90.56,49.04,100.56,60.57,114.67,70.3,139.64,74.16,185.23,68.62,226.93,58.33,248.8,46.65,261.74,34.61,271.3,22.59,279.6,10.86,287.67,-0.34,296.18,-10.69,305.7,--,--,--,--,--,--
5/23/21,--,--,--,--,--,--,--,--,--,--,--,--,13.25,73.89,25.06,81.92,37.1,90.34,49.13,100.3,60.67,114.34,70.45,139.28,74.35,185.21,68.78,227.21,58.46,249.07,46.77,261.96,34.72,271.49,22.71,279.76,10.99,287.81,-0.2,296.31,-10.55,305.82,--,--,--,--,--,--
5/24/21,--,--,--,--,--,--,--,--,--,--,--,--,13.33,73.72,25.13,81.73,37.18,90.13,49.21,100.04,60.77,114.02,70.59,138.91,74.54,185.18,68.94,227.49,58.59,249.32,46.88,262.17,34.83,271.66,22.82,279.92,11.11,287.95,-0.07,296.44,-10.4,305.94,--,--,--,--,--,--
5/25/21,--,--,--,--,--,--,--,--,--,--,--,--,13.41,73.55,25.21,81.55,37.25,89.92,49.28,99.79,60.86,113.7,70.72,138.55,74.72,185.14,69.09,227.75,58.71,249.57,46.99,262.38,34.94,271.83,22.94,280.07,11.23,288.09,0.06,296.56,-10.26,306.04,--,--,--,--,--,--
5/26/21,--,--,--,--,--,--,--,--,--,--,--,--,13.49,73.39,25.27,81.37,37.31,89.71,49.35,99.55,60.94,113.39,70.85,138.18,74.89,185.09,69.24,228,58.83,249.81,47.1,262.57,35.05,272,23.05,280.21,11.35,288.21,0.19,296.67,-10.12,306.14,--,--,--,--,--,--
5/27/21,--,--,--,--,--,--,--,--,--,--,--,--,13.56,73.24,25.34,81.2,37.37,89.52,49.41,99.31,61.02,113.08,70.97,137.82,75.06,185.03,69.38,228.24,58.95,250.03,47.21,262.76,35.16,272.15,23.16,280.34,11.47,288.33,0.32,296.78,-9.98,306.24,--,--,--,--,--,--
5/28/21,--,--,--,--,--,--,--,--,--,--,--,--,13.62,73.08,25.4,81.03,37.43,89.32,49.47,99.08,61.09,112.79,71.08,137.46,75.22,184.97,69.52,228.47,59.07,250.25,47.32,262.93,35.26,272.3,23.27,280.47,11.58,288.45,0.44,296.88,-9.85,306.33,--,--,--,--,--,--
5/29/21,--,--,--,--,--,--,--,--,--,--,--,--,13.69,72.93,25.45,80.87,37.48,89.14,49.52,98.85,61.16,112.49,71.18,137.11,75.37,184.89,69.66,228.68,59.18,250.46,47.42,263.1,35.36,272.44,23.37,280.6,11.69,288.56,0.56,296.98,-9.72,306.41,--,--,--,--,--,--
5/30/21,--,--,--,--,--,--,--,--,--,--,--,--,13.74,72.79,25.5,80.71,37.52,88.96,49.57,98.63,61.22,112.21,71.28,136.76,75.52,184.8,69.79,228.89,59.29,250.65,47.52,263.26,35.46,272.58,23.48,280.71,11.8,288.66,0.68,297.07,-9.59,306.49,--,--,--,--,--,--
5/31/21,--,--,--,--,--,--,--,--,--,--,--,--,13.79,72.65,25.54,80.56,37.56,88.78,49.61,98.42,61.28,111.93,71.37,136.41,75.66,184.7,69.92,229.08,59.4,250.84,47.62,263.42,35.56,272.71,23.58,280.82,11.91,288.75,0.79,297.15,-9.47,306.56,--,--,--,--,--,--
6/1/21,--,--,--,--,--,--,--,--,--,--,--,--,13.84,72.51,25.58,80.41,37.6,88.61,49.65,98.21,61.33,111.66,71.46,136.07,75.8,184.6,70.04,229.25,59.5,251.01,47.72,263.56,35.66,272.83,23.68,280.92,12.01,288.84,0.9,297.23,-9.35,306.63,--,--,--,--,--,--
6/2/21,--,--,--,--,--,--,--,--,--,--,--,--,13.88,72.38,25.61,80.27,37.63,88.45,49.68,98.01,61.37,111.4,71.54,135.73,75.93,184.48,70.16,229.42,59.61,251.18,47.82,263.69,35.76,272.94,23.78,281.02,12.11,288.93,1.01,297.3,-9.23,306.69,--,--,--,--,--,--
6/3/21,--,--,--,--,--,--,--,--,--,--,--,--,13.92,72.25,25.64,80.13,37.66,88.29,49.71,97.82,61.41,111.15,71.61,135.4,76.05,184.36,70.28,229.57,59.7,251.33,47.91,263.82,35.85,273.04,23.87,281.11,12.21,289.01,1.11,297.37,-9.12,306.74,--,--,--,--,--,--
6/4/21,--,--,--,--,--,--,--,--,--,--,--,--,13.95,72.13,25.67,80,37.68,88.14,49.74,97.63,61.45,110.91,71.68,135.08,76.17,184.22,70.39,229.7,59.8,251.47,48,263.94,35.94,273.14,23.96,281.19,12.31,289.08,1.22,297.43,-9.01,306.79,--,--,--,--,--,--
6/5/21,--,--,--,--,--,--,--,--,--,--,--,--,13.97,72.02,25.69,79.87,37.7,87.99,49.75,97.46,61.48,110.67,71.73,134.76,76.27,184.08,70.5,229.83,59.9,251.6,48.09,264.04,36.03,273.23,24.05,281.27,12.4,289.14,1.32,297.49,-8.91,306.84,--,--,--,--,--,--
6/6/21,--,--,--,--,--,--,--,--,--,--,--,--,14,71.9,25.71,79.75,37.71,87.85,49.77,97.29,61.5,110.45,71.79,134.46,76.38,183.92,70.6,229.93,59.99,251.72,48.18,264.14,36.11,273.31,24.14,281.34,12.5,289.2,1.41,297.54,-8.81,306.88,--,--,--,--,--,--
6/7/21,--,--,--,--,--,--,--,--,--,--,--,--,14.01,71.8,25.72,79.63,37.72,87.72,49.78,97.13,61.52,110.23,71.83,134.16,76.47,183.76,70.7,230.02,60.08,251.83,48.26,264.23,36.2,273.38,24.23,281.4,12.58,289.25,1.5,297.58,-8.71,306.91,--,--,--,--,--,--
6/8/21,--,--,--,--,--,--,--,--,--,--,--,--,14.03,71.7,25.72,79.52,37.72,87.6,49.78,96.97,61.53,110.03,71.87,133.87,76.56,183.59,70.79,230.1,60.16,251.92,48.34,264.31,36.28,273.45,24.31,281.45,12.67,289.3,1.59,297.62,-8.62,306.94,--,--,--,--,--,--
6/9/21,--,--,--,--,--,--,--,--,--,--,--,--,14.04,71.6,25.73,79.42,37.72,87.48,49.79,96.83,61.54,109.83,71.91,133.59,76.65,183.42,70.88,230.16,60.24,252.01,48.42,264.38,36.36,273.51,24.39,281.5,12.75,289.34,1.68,297.65,-8.53,306.96,--,--,--,--,--,--
6/10/21,--,--,--,--,--,--,--,--,--,--,--,--,14.04,71.51,25.73,79.32,37.72,87.37,49.78,96.69,61.55,109.65,71.94,133.33,76.72,183.23,70.97,230.21,60.32,252.08,48.5,264.45,36.43,273.56,24.47,281.55,12.83,289.38,1.76,297.68,-8.45,306.98,--,--,--,--,--,--
6/11/21,--,--,--,--,--,--,--,--,--,--,--,--,14.04,71.42,25.72,79.23,37.71,87.26,49.77,96.57,61.55,109.48,71.96,133.07,76.79,183.04,71.05,230.24,60.4,252.14,48.57,264.5,36.51,273.6,24.54,281.58,12.91,289.4,1.84,297.7,-8.37,306.99,--,--,--,--,--,--
6/12/21,--,--,--,--,--,--,--,--,--,--,--,--,14.03,71.34,25.71,79.14,37.7,87.17,49.76,96.45,61.54,109.31,71.98,132.83,76.86,182.84,71.13,230.26,60.47,252.19,48.64,264.54,36.58,273.64,24.61,281.61,12.98,289.43,1.91,297.71,-8.3,307,--,--,--,--,--,--
6/13/21,--,--,--,--,--,--,--,--,--,--,--,--,14.03,71.27,25.7,79.06,37.68,87.08,49.75,96.34,61.53,109.16,71.99,132.6,76.91,182.64,71.2,230.26,60.54,252.22,48.71,264.58,36.64,273.67,24.68,281.63,13.05,289.44,1.98,297.72,-8.22,307,--,--,--,--,--,--
6/14/21,--,--,--,--,--,--,--,--,--,--,--,--,14.01,71.2,25.68,78.99,37.66,86.99,49.73,96.24,61.52,109.02,71.99,132.38,76.96,182.43,71.27,230.25,60.61,252.25,48.78,264.6,36.71,273.69,24.75,281.65,13.11,289.45,2.05,297.73,-8.16,306.99,--,--,--,--,--,--
6/15/21,--,--,--,--,--,--,--,--,--,--,--,--,13.99,71.13,25.66,78.92,37.64,86.92,49.71,96.14,61.5,108.9,71.99,132.17,77,182.22,71.33,230.22,60.67,252.26,48.84,264.62,36.77,273.7,24.81,281.66,13.18,289.46,2.11,297.73,-8.1,306.98,--,--,--,--,--,--
6/16/21,--,--,--,--,--,--,--,--,--,--,--,--,13.97,71.08,25.63,78.86,37.61,86.85,49.68,96.06,61.48,108.78,71.98,131.98,77.04,182.01,71.39,230.17,60.73,252.26,48.9,264.62,36.83,273.71,24.87,281.66,13.24,289.46,2.17,297.72,-8.04,306.97,--,--,--,--,--,--
6/17/21,--,--,--,--,--,--,--,--,--,--,--,--,13.95,71.02,25.61,78.81,37.58,86.79,49.65,95.99,61.45,108.68,71.97,131.8,77.06,181.79,71.44,230.11,60.78,252.25,48.95,264.62,36.88,273.7,24.92,281.65,13.29,289.45,2.22,297.71,-7.99,306.95,--,--,--,--,--,--
6/18/21,--,--,--,--,--,--,--,--,--,--,--,--,13.92,70.98,25.57,78.76,37.55,86.74,49.62,95.92,61.42,108.58,71.95,131.64,77.08,181.57,71.49,230.03,60.84,252.22,49.01,264.61,36.94,273.69,24.97,281.64,13.34,289.43,2.27,297.69,-7.94,306.93,--,--,--,--,--,--
6/19/21,--,--,--,--,--,--,--,--,--,--,--,--,13.88,70.94,25.54,78.72,37.51,86.69,49.58,95.87,61.39,108.5,71.93,131.49,77.1,181.34,71.53,229.94,60.89,252.19,49.05,264.58,36.99,273.68,25.02,281.62,13.39,289.41,2.32,297.67,-7.9,306.9,--,--,--,--,--,--
6/20/21,--,--,--,--,--,--,--,--,--,--,--,--,13.85,70.9,25.5,78.68,37.47,86.65,49.54,95.82,61.35,108.43,71.9,131.36,77.1,181.12,71.57,229.84,60.93,252.14,49.1,264.55,37.03,273.65,25.07,281.6,13.43,289.39,2.36,297.64,-7.86,306.87,--,--,--,--,--,--
6/21/21,--,--,--,--,--,--,--,--,--,--,--,--,13.81,70.87,25.45,78.65,37.43,86.62,49.49,95.78,61.3,108.38,71.87,131.24,77.1,180.9,71.6,229.72,60.97,252.08,49.14,264.51,37.07,273.62,25.11,281.57,13.47,289.36,2.39,297.6,-7.83,306.83,--,--,--,--,--,--
6/22/21,--,--,--,--,--,--,--,--,--,--,--,--,13.76,70.85,25.41,78.63,37.38,86.6,49.45,95.76,61.26,108.33,71.83,131.14,77.1,180.67,71.63,229.58,61.01,252.01,49.18,264.46,37.11,273.58,25.15,281.53,13.51,289.32,2.43,297.56,-7.8,306.78,--,--,--,--,--,--
6/23/21,--,--,--,--,--,--,--,--,--,--,--,--,13.71,70.83,25.36,78.62,37.33,86.59,49.4,95.74,61.21,108.3,71.78,131.05,77.08,180.45,71.65,229.43,61.04,251.92,49.22,264.41,37.15,273.53,25.18,281.49,13.54,289.28,2.45,297.52,-7.78,306.74,--,--,--,--,--,--
6/24/21,--,--,--,--,--,--,--,--,--,--,--,--,13.66,70.82,25.31,78.61,37.28,86.58,49.34,95.73,61.16,108.28,71.73,130.98,77.06,180.23,71.66,229.27,61.07,251.83,49.25,264.34,37.18,273.47,25.21,281.44,13.57,289.23,2.48,297.47,-7.76,306.68,--,--,--,--,--,--
6/25/21,--,--,--,--,--,--,--,--,--,--,--,--,13.6,70.82,25.25,78.61,37.22,86.58,49.29,95.73,61.1,108.28,71.68,130.92,77.03,180.02,71.67,229.09,61.09,251.72,49.28,264.26,37.21,273.41,25.24,281.38,13.59,289.17,2.5,297.41,-7.75,306.63,--,--,--,--,--,--
6/26/21,--,--,--,--,--,--,--,--,--,--,--,--,13.55,70.82,25.19,78.61,37.16,86.59,49.23,95.74,61.04,108.28,71.62,130.88,77,179.8,71.68,228.9,61.11,251.6,49.3,264.18,37.23,273.34,25.26,281.32,13.61,289.12,2.51,297.36,-7.74,306.57,--,--,--,--,--,--
6/27/21,--,--,--,--,--,--,--,--,--,--,--,--,13.48,70.82,25.13,78.63,37.1,86.61,49.17,95.76,60.98,108.3,71.56,130.86,76.95,179.59,71.68,228.7,61.13,251.48,49.32,264.08,37.25,273.26,25.28,281.25,13.62,289.05,2.52,297.29,-7.74,306.5,--,--,--,--,--,--
6/28/21,--,--,--,--,--,--,--,--,--,--,--,--,13.42,70.84,25.06,78.65,37.04,86.63,49.1,95.79,60.91,108.33,71.49,130.85,76.9,179.39,71.67,228.48,61.14,251.34,49.34,263.98,37.27,273.18,25.29,281.18,13.63,288.98,2.52,297.22,-7.75,306.43,--,--,--,--,--,--
6/29/21,--,--,--,--,--,--,--,--,--,--,--,--,13.35,70.86,25,78.67,36.97,86.66,49.03,95.83,60.84,108.37,71.42,130.86,76.85,179.19,71.66,228.25,61.15,251.19,49.35,263.87,37.28,273.09,25.3,281.1,13.64,288.9,2.52,297.15,-7.75,306.36,--,--,--,--,--,--
6/30/21,--,--,--,--,--,--,--,--,--,--,--,--,13.28,70.88,24.93,78.7,36.9,86.7,48.96,95.88,60.77,108.43,71.34,130.88,76.78,178.99,71.64,228.01,61.15,251.02,49.36,263.75,37.29,272.99,25.31,281.01,13.64,288.82,2.52,297.07,-7.77,306.28,--,--,--,--,--,--
7/1/21,--,--,--,--,--,--,--,--,--,--,--,--,13.2,70.92,24.85,78.74,36.83,86.75,48.89,95.94,60.7,108.49,71.26,130.92,76.71,178.81,71.62,227.76,61.14,250.85,49.36,263.63,37.3,272.89,25.31,280.92,13.64,288.74,2.51,296.99,-7.79,306.19,--,--,--,--,--,--
7/2/21,--,--,--,--,--,--,--,--,--,--,--,--,13.12,70.95,24.78,78.79,36.75,86.81,48.82,96,60.62,108.57,71.17,130.98,76.64,178.62,71.58,227.5,61.14,250.67,49.36,263.49,37.29,272.78,25.31,280.82,13.63,288.65,2.49,296.9,-7.81,306.11,--,--,--,--,--,--
7/3/21,--,--,--,--,--,--,--,--,--,--,--,--,13.04,71,24.7,78.84,36.68,86.87,48.74,96.08,60.54,108.66,71.08,131.05,76.55,178.45,71.55,227.23,61.12,250.48,49.36,263.35,37.29,272.66,25.3,280.72,13.61,288.55,2.47,296.81,-7.85,306.02,--,--,--,--,--,--
7/4/21,--,--,--,--,--,--,--,--,--,--,--,--,12.96,71.05,24.62,78.9,36.6,86.94,48.66,96.17,60.45,108.77,70.99,131.13,76.46,178.29,71.51,226.95,61.11,250.28,49.35,263.19,37.28,272.53,25.29,280.61,13.6,288.45,2.44,296.71,-7.88,305.92,--,--,--,--,--,--
7/5/21,--,--,--,--,--,--,--,--,--,--,--,--,12.87,71.11,24.54,78.97,36.52,87.02,48.58,96.26,60.37,108.88,70.89,131.24,76.36,178.13,71.46,226.66,61.08,250.07,49.33,263.04,37.27,272.4,25.27,280.49,13.58,288.34,2.41,296.61,-7.92,305.82,--,--,--,--,--,--
7/6/21,--,--,--,--,--,--,--,--,--,--,--,--,12.78,71.17,24.45,79.04,36.43,87.11,48.5,96.37,60.28,109.01,70.79,131.35,76.26,177.98,71.4,226.36,61.06,249.85,49.31,262.87,37.25,272.27,25.25,280.37,13.55,288.23,2.38,296.5,-7.97,305.72,--,--,--,--,--,--
7/7/21,--,--,--,--,--,--,--,--,--,--,--,--,12.69,71.24,24.36,79.12,36.35,87.2,48.41,96.48,60.18,109.15,70.68,131.48,76.15,177.84,71.34,226.06,61.02,249.62,49.29,262.69,37.23,272.12,25.22,280.24,13.52,288.12,2.34,296.39,-8.02,305.62,--,--,--,--,--,--
7/8/21,--,--,--,--,--,--,--,--,--,--,--,--,12.6,71.32,24.27,79.21,36.26,87.31,48.32,96.61,60.09,109.3,70.57,131.63,76.03,177.71,71.27,225.75,60.98,249.38,49.26,262.51,37.2,271.97,25.19,280.11,13.48,288,2.29,296.28,-8.08,305.51,--,--,--,--,--,--
7/9/21,--,--,--,--,--,--,--,--,--,--,--,--,12.5,71.4,24.18,79.31,36.17,87.42,48.23,96.74,59.99,109.46,70.46,131.79,75.91,177.59,71.19,225.43,60.94,249.13,49.23,262.32,37.17,271.82,25.16,279.98,13.44,287.87,2.24,296.16,-8.15,305.39,--,--,--,--,--,--
7/10/21,--,--,--,--,--,--,--,--,--,--,--,--,12.4,71.49,24.09,79.41,36.08,87.53,48.14,96.88,59.89,109.63,70.34,131.97,75.78,177.48,71.11,225.1,60.89,248.88,49.19,262.13,37.13,271.66,25.12,279.84,13.39,287.74,2.18,296.04,-8.22,305.28,--,--,--,--,--,--
7/11/21,--,--,--,--,--,--,--,--,--,--,--,--,12.3,71.58,23.99,79.51,35.99,87.66,48.04,97.03,59.79,109.82,70.22,132.16,75.64,177.38,71.03,224.77,60.84,248.62,49.15,261.93,37.09,271.49,25.08,279.69,13.34,287.61,2.12,295.91,-8.29,305.16,--,--,--,--,--,--
7/12/21,--,--,--,--,--,--,--,--,--,--,--,--,12.2,71.68,23.89,79.63,35.89,87.79,47.95,97.19,59.69,110.01,70.09,132.36,75.5,177.28,70.93,224.44,60.78,248.35,49.1,261.72,37.05,271.32,25.03,279.54,13.28,287.47,2.05,295.78,-8.37,305.04,--,--,--,--,--,--
7/13/21,--,--,--,--,--,--,--,--,--,--,--,--,12.09,71.79,23.8,79.75,35.79,87.93,47.85,97.36,59.58,110.22,69.96,132.57,75.35,177.2,70.83,224.1,60.71,248.07,49.05,261.5,37,271.14,24.97,279.38,13.22,287.33,1.98,295.65,-8.46,304.91,--,--,--,--,--,--
7/14/21,--,--,--,--,--,--,--,--,--,--,--,--,11.99,71.9,23.69,79.88,35.7,88.08,47.75,97.53,59.47,110.43,69.83,132.8,75.2,177.13,70.72,223.76,60.64,247.79,48.99,261.28,36.94,270.96,24.91,279.22,13.15,287.18,1.9,295.51,-8.55,304.78,--,--,--,--,--,--
7/15/21,--,--,--,--,--,--,--,--,--,--,--,--,11.88,72.02,23.59,80.01,35.6,88.23,47.65,97.72,59.36,110.66,69.69,133.04,75.04,177.07,70.61,223.41,60.56,247.5,48.92,261.05,36.88,270.77,24.85,279.06,13.08,287.03,1.82,295.37,-8.65,304.65,--,--,--,--,--,--
7/16/21,--,--,--,--,--,--,--,--,--,--,--,--,11.77,72.15,23.49,80.15,35.49,88.39,47.54,97.91,59.24,110.9,69.55,133.29,74.87,177.01,70.48,223.07,60.48,247.2,48.85,260.82,36.81,270.57,24.78,278.89,13,286.88,1.73,295.23,-8.75,304.51,--,--,--,--,--,--
7/17/21,--,--,--,--,--,--,--,--,--,--,--,--,11.65,72.28,23.38,80.3,35.39,88.56,47.44,98.11,59.13,111.15,69.4,133.56,74.7,176.97,70.36,222.72,60.39,246.9,48.78,260.58,36.74,270.38,24.7,278.72,12.92,286.72,1.64,295.08,-8.86,304.37,--,--,--,--,--,--
7/18/21,--,--,--,--,--,--,--,--,--,--,--,--,11.54,72.42,23.27,80.45,35.29,88.74,47.33,98.32,59.01,111.4,69.25,133.83,74.52,176.94,70.22,222.37,60.29,246.6,48.7,260.34,36.67,270.17,24.62,278.54,12.84,286.56,1.54,294.93,-8.98,304.23,--,--,--,--,--,--
7/19/21,--,--,--,--,--,--,--,--,--,--,--,--,11.42,72.56,23.16,80.61,35.18,88.92,47.22,98.54,58.88,111.67,69.1,134.12,74.33,176.91,70.08,222.02,60.19,246.28,48.62,260.09,36.58,269.97,24.54,278.36,12.74,286.39,1.43,294.78,-9.1,304.09,--,--,--,--,--,--
7/20/21,--,--,--,--,--,--,--,--,--,--,--,--,11.3,72.71,23.05,80.78,35.07,89.11,47.11,98.77,58.76,111.95,68.94,134.42,74.15,176.9,69.93,221.67,60.08,245.97,48.53,259.84,36.5,269.75,24.45,278.17,12.65,286.23,1.32,294.62,-9.22,303.94,--,--,--,--,--,--
7/21/21,--,--,--,--,--,--,--,--,--,--,--,--,11.19,72.87,22.94,80.95,34.97,89.31,47,99,58.63,112.23,68.78,134.73,73.95,176.89,69.78,221.32,59.97,245.65,48.43,259.58,36.41,269.54,24.36,277.98,12.54,286.05,1.21,294.46,-9.35,303.79,--,--,--,--,--,--
7/22/21,--,--,--,--,--,--,--,--,--,--,--,--,11.06,73.03,22.83,81.13,34.86,89.51,46.89,99.24,58.51,112.53,68.62,135.04,73.75,176.9,69.62,220.98,59.85,245.33,48.33,259.32,36.31,269.32,24.26,277.79,12.43,285.88,1.09,294.3,-9.49,303.64,--,--,--,--,--,--
7/23/21,--,--,--,--,--,--,--,--,--,--,--,--,10.94,73.2,22.71,81.31,34.74,89.72,46.77,99.49,58.37,112.83,68.45,135.37,73.54,176.91,69.45,220.63,59.72,245,48.22,259.05,36.21,269.09,24.15,277.59,12.32,285.7,0.96,294.13,-9.63,303.49,--,--,--,--,--,--
7/24/21,--,--,--,--,--,--,--,--,--,--,--,--,10.82,73.37,22.6,81.51,34.63,89.94,46.66,99.75,58.24,113.14,68.28,135.71,73.33,176.93,69.27,220.29,59.59,244.67,48.11,258.78,36.1,268.87,24.04,277.39,12.2,285.52,0.83,293.96,-9.78,303.33,--,--,--,--,--,--
7/25/21,--,--,--,--,--,--,--,--,--,--,--,--,10.69,73.55,22.48,81.7,34.52,90.16,46.54,100.01,58.11,113.47,68.1,136.05,73.11,176.96,69.09,219.95,59.46,244.34,47.99,258.5,35.99,268.63,23.93,277.19,12.08,285.33,0.69,293.79,-9.93,303.17,--,--,--,--,--,--
7/26/21,--,--,--,--,--,--,--,--,--,--,--,--,10.57,73.73,22.36,81.91,34.4,90.39,46.42,100.28,57.97,113.79,67.92,136.4,72.89,177,68.91,219.61,59.31,244,47.87,258.23,35.87,268.4,23.81,276.98,11.95,285.15,0.55,293.62,-10.09,303.01,--,--,--,--,--,--
7/27/21,--,--,--,--,--,--,--,--,--,--,--,--,--,--,22.24,82.11,34.29,90.63,46.3,100.56,57.83,114.13,67.74,136.76,72.66,177.04,68.71,219.28,59.16,243.66,47.74,257.95,35.75,268.16,23.68,276.77,11.82,284.95,0.41,293.44,-10.25,302.84,--,--,--,--,--,--
7/28/21,--,--,--,--,--,--,--,--,--,--,--,--,--,--,22.12,82.33,34.17,90.87,46.17,100.85,57.69,114.48,67.55,137.13,72.43,177.09,68.51,218.95,59.01,243.32,47.6,257.66,35.62,267.92,23.55,276.56,11.68,284.76,0.26,293.26,-10.42,302.68,--,--,--,--,--,--
7/29/21,--,--,--,--,--,--,--,--,--,--,--,--,--,--,22,82.55,34.05,91.12,46.05,101.14,57.54,114.83,67.36,137.51,72.19,177.15,68.31,218.62,58.84,242.98,47.46,257.37,35.49,267.68,23.42,276.35,11.54,284.56,0.1,293.08,-10.6,302.51,--,--,--,--,--,--
7/30/21,--,--,--,--,--,--,--,--,--,--,--,--,--,--,21.88,82.78,33.93,91.38,45.92,101.44,57.39,115.19,67.17,137.89,71.95,177.22,68.09,218.3,58.68,242.64,47.32,257.08,35.35,267.43,23.28,276.13,11.39,284.37,-0.06,292.89,-10.77,302.34,--,--,--,--,--,--
7/31/21,--,--,--,--,--,--,--,--,--,--,--,--,--,--,21.76,83.01,33.81,91.64,45.8,101.75,57.24,115.56,66.97,138.28,71.7,177.29,67.88,217.98,58.5,242.3,47.17,256.79,35.2,267.18,23.13,275.91,11.23,284.16,-0.23,292.71,-10.96,302.17,--,--,--,--,--,--
8/1/21,--,--,--,--,--,--,--,--,--,--,--,--,--,--,21.63,83.24,33.69,91.91,45.67,102.06,57.09,115.93,66.77,138.67,71.45,177.37,67.65,217.67,58.32,241.96,47.01,256.5,35.05,266.93,22.98,275.68,11.08,283.96,-0.4,292.52,-11.15,301.99,--,--,--,--,--,--
8/2/21,--,--,--,--,--,--,--,--,--,--,--,--,--,--,21.51,83.49,33.57,92.18,45.54,102.38,56.94,116.31,66.57,139.07,71.19,177.46,67.42,217.36,58.14,241.61,46.85,256.2,34.9,266.67,22.82,275.46,10.91,283.75,-0.58,292.33,-11.34,301.81,--,--,--,--,--,--
8/3/21,--,--,--,--,--,--,--,--,--,--,--,--,--,--,21.38,83.73,33.44,92.46,45.4,102.7,56.78,116.7,66.36,139.47,70.93,177.55,67.18,217.06,57.94,241.27,46.68,255.9,34.74,266.41,22.66,275.23,10.74,283.55,-0.76,292.13,-11.54,301.64,--,--,--,--,--,--
8/4/21,--,--,--,--,--,--,--,--,--,--,--,--,--,--,21.25,83.99,33.32,92.74,45.27,103.03,56.62,117.09,66.15,139.88,70.66,177.65,66.94,216.76,57.75,240.93,46.51,255.6,34.58,266.16,22.5,275,10.57,283.34,-0.94,291.94,--,--,--,--,--,--,--,--
8/5/21,--,--,--,--,--,--,--,--,--,--,--,--,--,--,21.13,84.24,33.19,93.03,45.14,103.37,56.46,117.49,65.93,140.3,70.39,177.75,66.69,216.47,57.54,240.58,46.33,255.3,34.41,265.89,22.33,274.77,10.39,283.12,-1.14,291.74,--,--,--,--,--,--,--,--
8/6/21,--,--,--,--,--,--,--,--,--,--,--,--,--,--,21,84.51,33.06,93.32,45,103.71,56.29,117.89,65.71,140.71,70.12,177.86,66.44,216.18,57.33,240.24,46.14,255,34.23,265.63,22.15,274.53,10.21,282.91,-1.33,291.54,--,--,--,--,--,--,--,--
8/7/21,--,--,--,--,--,--,--,--,--,--,--,--,--,--,20.87,84.78,32.94,93.62,44.86,104.06,56.13,118.3,65.49,141.13,69.84,177.97,66.18,215.9,57.12,239.9,45.95,254.7,34.05,265.37,21.97,274.29,10.02,282.69,-1.53,291.34,--,--,--,--,--,--,--,--
8/8/21,--,--,--,--,--,--,--,--,--,--,--,--,--,--,20.74,85.05,32.81,93.93,44.72,104.41,55.96,118.72,65.26,141.56,69.55,178.09,65.91,215.62,56.9,239.56,45.76,254.39,33.87,265.1,21.79,274.06,9.83,282.47,-1.74,291.14,--,--,--,--,--,--,--,--
8/9/21,--,--,--,--,--,--,--,--,--,--,--,--,--,--,20.61,85.33,32.68,94.23,44.58,104.77,55.79,119.14,65.03,141.99,69.26,178.21,65.64,215.35,56.67,239.23,45.56,254.09,33.68,264.83,21.6,273.82,9.64,282.25,-1.94,290.93,--,--,--,--,--,--,--,--
8/10/21,--,--,--,--,--,--,--,--,--,--,--,--,--,--,20.48,85.61,32.54,94.55,44.44,105.13,55.61,119.56,64.8,142.41,68.97,178.33,65.37,215.09,56.44,238.89,45.35,253.78,33.48,264.56,21.41,273.57,9.44,282.03,-2.16,290.72,--,--,--,--,--,--,--,--
8/11/21,--,--,--,--,--,--,--,--,--,--,--,--,--,--,20.35,85.9,32.41,94.87,44.29,105.5,55.44,119.99,64.56,142.85,68.67,178.46,65.09,214.83,56.2,238.56,45.14,253.48,33.28,264.29,21.21,273.33,9.23,281.81,-2.38,290.51,--,--,--,--,--,--,--,--
8/12/21,--,--,--,--,--,--,--,--,--,--,--,--,--,--,20.21,86.19,32.28,95.19,44.14,105.87,55.26,120.42,64.32,143.28,68.37,178.59,64.8,214.58,55.96,238.23,44.93,253.17,33.08,264.02,21,273.09,9.02,281.58,-2.6,290.3,--,--,--,--,--,--,--,--
8/13/21,--,--,--,--,--,--,--,--,--,--,--,--,--,--,20.08,86.48,32.14,95.52,44,106.24,55.07,120.86,64.08,143.72,68.07,178.73,64.51,214.33,55.71,237.9,44.71,252.87,32.87,263.75,20.8,272.84,8.81,281.35,-2.83,290.09,--,--,--,--,--,--,--,--
8/14/21,--,--,--,--,--,--,--,--,--,--,--,--,--,--,19.94,86.78,32.01,95.85,43.85,106.63,54.89,121.3,63.83,144.15,67.76,178.86,64.22,214.09,55.46,237.57,44.48,252.56,32.66,263.47,20.58,272.59,8.59,281.12,-3.06,289.88,--,--,--,--,--,--,--,--
8/15/21,--,--,--,--,--,--,--,--,--,--,--,--,--,--,19.81,87.09,31.87,96.19,43.69,107.01,54.7,121.74,63.58,144.59,67.45,179,63.92,213.86,55.2,237.24,44.25,252.25,32.44,263.2,20.37,272.34,8.37,280.89,-3.29,289.66,--,--,--,--,--,--,--,--
8/16/21,--,--,--,--,--,--,--,--,--,--,--,--,--,--,19.67,87.39,31.73,96.53,43.54,107.4,54.51,122.19,63.33,145.03,67.13,179.15,63.61,213.63,54.94,236.92,44.02,251.95,32.22,262.92,20.15,272.09,8.14,280.66,-3.53,289.45,--,--,--,--,--,--,--,--
8/17/21,--,--,--,--,--,--,--,--,--,--,--,--,--,--,19.54,87.71,31.59,96.87,43.39,107.79,54.32,122.64,63.07,145.46,66.81,179.29,63.3,213.41,54.67,236.6,43.78,251.64,31.99,262.65,19.92,271.84,7.91,280.43,-3.77,289.23,--,--,--,--,--,--,--,--
8/18/21,--,--,--,--,--,--,--,--,--,--,--,--,--,--,19.4,88.02,31.45,97.22,43.23,108.19,54.13,123.09,62.81,145.9,66.49,179.44,62.99,213.19,54.4,236.29,43.53,251.34,31.76,262.37,19.7,271.59,7.68,280.2,-4.02,289.01,--,--,--,--,--,--,--,--
8/19/21,--,--,--,--,--,--,--,--,--,--,--,--,--,--,19.26,88.34,31.31,97.57,43.07,108.59,53.93,123.54,62.54,146.34,66.16,179.58,62.67,212.98,54.12,235.97,43.28,251.04,31.52,262.1,19.46,271.34,7.44,279.96,-4.27,288.79,--,--,--,--,--,--,--,--
8/20/21,--,--,--,--,--,--,--,--,--,--,--,--,--,--,19.12,88.67,31.17,97.93,42.91,108.99,53.73,124,62.27,146.78,65.83,179.73,62.35,212.77,53.84,235.66,43.03,250.73,31.29,261.82,19.23,271.08,7.2,279.72,-4.52,288.57,--,--,--,--,--,--,--,--
8/21/21,--,--,--,--,--,--,--,--,--,--,--,--,--,--,18.98,88.99,31.03,98.28,42.75,109.39,53.53,124.46,62,147.22,65.5,179.88,62.02,212.57,53.55,235.36,42.77,250.43,31.04,261.54,18.99,270.83,6.95,279.49,-4.78,288.34,--,--,--,--,--,--,--,--
8/22/21,--,--,--,--,--,--,--,--,--,--,--,--,--,--,18.84,89.32,30.88,98.65,42.58,109.8,53.32,124.92,61.73,147.65,65.16,180.03,61.69,212.38,53.26,235.05,42.51,250.13,30.79,261.27,18.74,270.57,6.7,279.25,-5.04,288.12,--,--,--,--,--,--,--,--
8/23/21,--,--,--,--,--,--,--,--,--,--,--,--,--,--,18.7,89.65,30.74,99.01,42.42,110.21,53.11,125.38,61.45,148.09,64.82,180.18,61.36,212.18,52.96,234.75,42.24,249.83,30.54,260.99,18.49,270.32,6.45,279.01,-5.3,287.89,--,--,--,--,--,--,--,--
8/24/21,--,--,--,--,--,--,--,--,--,--,--,--,--,--,18.56,89.99,30.59,99.38,42.25,110.63,52.9,125.84,61.17,148.52,64.48,180.34,61.02,212,52.66,234.45,41.97,249.53,30.29,260.71,18.24,270.06,6.2,278.77,-5.57,287.66,--,--,--,--,--,--,--,--
8/25/21,--,--,--,--,--,--,--,--,--,--,--,--,--,--,18.42,90.33,30.44,99.75,42.08,111.04,52.69,126.3,60.89,148.95,64.13,180.49,60.68,211.82,52.36,234.16,41.7,249.24,30.03,260.43,17.99,269.8,5.94,278.53,-5.84,287.43,--,--,--,--,--,--,--,--
8/26/21,--,--,--,--,--,--,--,--,--,--,--,--,--,--,18.28,90.67,30.29,100.12,41.91,111.46,52.47,126.77,60.6,149.38,63.78,180.64,60.33,211.64,52.05,233.87,41.42,248.94,29.76,260.16,17.73,269.54,5.67,278.28,-6.11,287.2,--,--,--,--,--,--,--,--
8/27/21,--,--,--,--,--,--,--,--,--,--,--,--,--,--,18.13,91.02,30.14,100.5,41.73,111.88,52.25,127.23,60.31,149.8,63.43,180.8,59.99,211.47,51.74,233.58,41.13,248.64,29.5,259.88,17.47,269.29,5.41,278.04,-6.39,286.97,--,--,--,--,--,--,--,--
8/28/21,--,--,--,--,--,--,--,--,--,--,--,--,--,--,17.99,91.37,29.99,100.88,41.56,112.3,52.03,127.7,60.02,150.23,63.07,180.95,59.63,211.3,51.43,233.29,40.85,248.35,29.23,259.6,17.2,269.03,5.14,277.79,-6.67,286.74,--,--,--,--,--,--,--,--
8/29/21,--,--,--,--,--,--,--,--,--,--,--,--,--,--,17.85,91.72,29.83,101.26,41.38,112.73,51.81,128.16,59.72,150.65,62.72,181.1,59.28,211.14,51.11,233.01,40.56,248.06,28.96,259.33,16.94,268.77,4.87,277.55,-6.95,286.5,--,--,--,--,--,--,--,--
8/30/21,--,--,--,--,--,--,--,--,--,--,--,--,--,--,17.7,92.07,29.68,101.64,41.2,113.15,51.58,128.62,59.42,151.07,62.36,181.25,58.92,210.98,50.79,232.73,40.27,247.77,28.68,259.05,16.67,268.51,4.6,277.3,-7.23,286.27,--,--,--,--,--,--,--,--
8/31/21,--,--,--,--,--,--,--,--,--,--,--,--,--,--,17.55,92.42,29.52,102.02,41.02,113.58,51.35,129.09,59.12,151.49,61.99,181.4,58.56,210.82,50.46,232.46,39.97,247.48,28.4,258.78,16.39,268.25,4.32,277.06,-7.52,286.03,--,--,--,--,--,--,--,--
9/1/21,--,--,--,--,--,--,--,--,--,--,--,--,--,--,17.41,92.78,29.37,102.41,40.83,114.01,51.12,129.55,58.82,151.9,61.63,181.55,58.2,210.67,50.13,232.19,39.67,247.19,28.12,258.5,16.12,267.99,4.04,276.81,-7.81,285.8,--,--,--,--,--,--,--,--
9/2/21,--,--,--,--,--,--,--,--,--,--,--,--,--,--,17.26,93.14,29.21,102.8,40.65,114.44,50.88,130.01,58.51,152.31,61.26,181.7,57.83,210.52,49.8,231.92,39.37,246.91,27.83,258.23,15.84,267.73,3.76,276.56,-8.1,285.56,--,--,--,--,--,--,--,--
9/3/21,--,--,--,--,--,--,--,--,--,--,--,--,--,--,17.11,93.5,29.05,103.19,40.46,114.86,50.64,130.47,58.2,152.71,60.89,181.85,57.46,210.38,49.46,231.65,39.06,246.62,27.54,257.95,15.56,267.47,3.48,276.31,-8.39,285.32,--,--,--,--,--,--,--,--
9/4/21,--,--,--,--,--,--,--,--,--,--,--,--,--,--,16.96,93.86,28.89,103.58,40.27,115.29,50.4,130.93,57.89,153.12,60.52,182,57.09,210.24,49.13,231.39,38.75,246.34,27.25,257.68,15.27,267.21,3.19,276.06,-8.69,285.08,--,--,--,--,--,--,--,--
9/5/21,--,--,--,--,--,--,--,--,--,--,--,--,--,--,16.81,94.23,28.72,103.97,40.08,115.72,50.16,131.39,57.57,153.52,60.15,182.15,56.72,210.1,48.79,231.13,38.44,246.06,26.96,257.4,14.99,266.95,2.91,275.81,-8.98,284.83,--,--,--,--,--,--,--,--
9/6/21,--,--,--,--,--,--,--,--,--,--,--,--,--,--,16.66,94.6,28.56,104.36,39.89,116.15,49.91,131.85,57.25,153.91,59.77,182.29,56.34,209.97,48.44,230.87,38.13,245.78,26.67,257.13,14.7,266.68,2.62,275.56,-9.28,284.59,--,--,--,--,--,--,--,--
9/7/21,--,--,--,--,--,--,--,--,--,--,--,--,--,--,16.5,94.96,28.39,104.76,39.69,116.58,49.67,132.3,56.93,154.3,59.39,182.44,55.97,209.83,48.1,230.62,37.81,245.5,26.37,256.86,14.41,266.42,2.33,275.31,-9.58,284.35,--,--,--,--,--,--,--,--
9/8/21,--,--,--,--,--,--,--,--,--,--,--,--,--,--,16.35,95.33,28.23,105.15,39.49,117.01,49.41,132.75,56.61,154.69,59.02,182.58,55.59,209.7,47.75,230.37,37.5,245.22,26.07,256.59,14.12,266.16,2.04,275.05,-9.88,284.1,--,--,--,--,--,--,--,--
9/9/21,--,--,--,--,--,--,--,--,--,--,--,--,--,--,16.2,95.7,28.06,105.55,39.29,117.44,49.16,133.2,56.28,155.07,58.63,182.72,55.21,209.58,47.4,230.12,37.18,244.95,25.77,256.32,13.83,265.9,1.74,274.8,-10.18,283.85,--,--,--,--,--,--,--,--
9/10/21,--,--,--,--,--,--,--,--,--,--,--,--,--,--,16.04,96.07,27.89,105.94,39.09,117.87,48.91,133.65,55.96,155.45,58.25,182.86,54.82,209.45,47.05,229.88,36.85,244.68,25.46,256.05,13.53,265.64,1.45,274.54,-10.49,283.6,--,--,--,--,--,--,--,--
9/11/21,--,--,--,--,--,--,--,--,--,--,--,--,--,--,15.89,96.45,27.72,106.34,38.89,118.3,48.65,134.09,55.63,155.82,57.87,182.99,54.44,209.33,46.69,229.64,36.53,244.41,25.16,255.78,13.23,265.38,1.15,274.29,-10.79,283.36,--,--,--,--,--,--,--,--
9/12/21,--,--,--,--,--,--,--,--,--,--,--,--,--,--,15.73,96.82,27.54,106.74,38.68,118.73,48.39,134.54,55.3,156.19,57.48,183.13,54.05,209.21,46.34,229.4,36.2,244.14,24.85,255.51,12.94,265.11,0.85,274.03,-11.1,283.11,--,--,--,--,--,--,--,--
9/13/21,--,--,--,--,--,--,--,--,--,--,--,--,--,--,15.57,97.19,27.37,107.13,38.47,119.15,48.12,134.98,54.96,156.55,57.1,183.26,53.67,209.1,45.98,229.16,35.87,243.87,24.54,255.24,12.64,264.85,0.55,273.78,-11.41,282.85,--,--,--,--,--,--,--,--
9/14/21,--,--,--,--,--,--,--,--,--,--,--,--,--,--,15.41,97.57,27.19,107.53,38.26,119.58,47.86,135.41,54.63,156.91,56.71,183.39,53.28,208.98,45.62,228.92,35.54,243.6,24.23,254.97,12.34,264.59,0.25,273.52,-11.71,282.6,--,--,--,--,--,--,--,--
9/15/21,--,--,--,--,--,--,--,--,--,--,--,--,--,--,15.25,97.94,27.01,107.92,38.05,120,47.59,135.84,54.29,157.26,56.32,183.52,52.89,208.87,45.26,228.69,35.21,243.34,23.92,254.71,12.04,264.33,-0.05,273.26,-12.02,282.35,--,--,--,--,--,--,--,--
9/16/21,--,--,--,--,--,--,--,--,--,--,--,--,--,--,15.09,98.32,26.83,108.32,37.83,120.42,47.32,136.27,53.95,157.61,55.93,183.64,52.5,208.76,44.9,228.46,34.88,243.07,23.61,254.44,11.73,264.07,-0.35,273.01,-12.33,282.09,--,--,--,--,--,--,--,--
9/17/21,--,--,--,--,--,--,--,--,--,--,--,--,--,--,14.93,98.69,26.65,108.72,37.62,120.84,47.05,136.7,53.61,157.95,55.54,183.76,52.11,208.65,44.54,228.23,34.55,242.81,23.3,254.17,11.43,263.81,-0.65,272.75,-12.64,281.84,--,--,--,--,--,--,--,--
9/18/21,--,--,--,--,--,--,--,--,--,--,--,--,--,--,14.77,99.07,26.47,109.11,37.4,121.26,46.78,137.12,53.27,158.29,55.15,183.88,51.72,208.54,44.17,228.01,34.21,242.55,22.98,253.91,11.13,263.54,-0.95,272.49,--,--,--,--,--,--,--,--,--,--
9/19/21,--,--,--,--,--,--,--,--,--,--,--,--,--,--,14.6,99.44,26.29,109.5,37.18,121.68,46.5,137.54,52.92,158.63,54.76,184,51.32,208.43,43.81,227.79,33.88,242.29,22.67,253.64,10.82,263.28,-1.25,272.23,--,--,--,--,--,--,--,--,--,--
9/20/21,--,--,--,--,--,--,--,--,--,--,--,--,--,--,14.44,99.81,26.1,109.9,36.96,122.09,46.22,137.95,52.58,158.95,54.36,184.12,50.93,208.32,43.45,227.57,33.54,242.03,22.35,253.38,10.52,263.02,-1.55,271.97,--,--,--,--,--,--,--,--,--,--
9/21/21,--,--,--,--,--,--,--,--,--,--,--,--,--,--,14.27,100.19,25.91,110.29,36.73,122.5,45.94,138.36,52.23,159.27,53.97,184.23,50.54,208.22,43.08,227.35,33.21,241.78,22.04,253.12,10.21,262.76,-1.86,271.71,--,--,--,--,--,--,--,--,--,--
9/22/21,--,--,--,--,--,--,--,--,--,--,--,--,--,--,14.1,100.56,25.73,110.68,36.51,122.91,45.66,138.76,51.88,159.59,53.58,184.34,50.15,208.11,42.71,227.13,32.87,241.52,21.72,252.85,9.91,262.5,-2.16,271.45,--,--,--,--,--,--,--,--,--,--
9/23/21,--,--,--,--,--,--,--,--,--,--,--,--,--,--,13.93,100.93,25.54,111.07,36.28,123.32,45.37,139.16,51.53,159.9,53.18,184.44,49.75,208.01,42.35,226.91,32.53,241.27,21.4,252.59,9.61,262.23,-2.46,271.19,--,--,--,--,--,--,--,--,--,--
9/24/21,--,--,--,--,--,--,--,--,--,--,--,--,--,--,13.76,101.31,25.34,111.46,36.05,123.72,45.09,139.56,51.18,160.21,52.79,184.55,49.36,207.91,41.98,226.7,32.2,241.01,21.09,252.33,9.3,261.97,-2.76,270.92,--,--,--,--,--,--,--,--,--,--
9/25/21,--,--,--,--,--,--,--,--,--,--,--,--,--,--,13.59,101.68,25.15,111.84,35.82,124.12,44.8,139.95,50.83,160.51,52.39,184.65,48.97,207.81,41.62,226.49,31.86,240.76,20.77,252.07,9,261.71,-3.06,270.66,--,--,--,--,--,--,--,--,--,--
9/26/21,--,--,--,--,--,--,--,--,--,--,--,--,--,--,13.42,102.05,24.96,112.23,35.58,124.52,44.51,140.33,50.48,160.8,52,184.74,48.57,207.71,41.25,226.28,31.52,240.51,20.46,251.81,8.7,261.45,-3.36,270.4,--,--,--,--,--,--,--,--,--,--
9/27/21,--,--,--,--,--,--,--,--,--,--,--,--,--,--,13.25,102.42,24.76,112.61,35.35,124.92,44.22,140.71,50.12,161.09,51.61,184.84,48.18,207.6,40.88,226.07,31.18,240.26,20.14,251.55,8.39,261.19,-3.66,270.13,--,--,--,--,--,--,--,--,--,--
9/28/21,--,--,--,--,--,--,--,--,--,--,--,--,--,--,13.08,102.78,24.56,112.99,35.11,125.31,43.93,141.09,49.77,161.37,51.21,184.93,47.79,207.5,40.52,225.86,30.85,240.02,19.83,251.29,8.09,260.92,-3.95,269.87,--,--,--,--,--,--,--,--,--,--
9/29/21,--,--,--,--,--,--,--,--,--,--,--,--,--,--,12.9,103.15,24.36,113.36,34.87,125.7,43.64,141.46,49.42,161.65,50.82,185.02,47.4,207.4,40.15,225.66,30.51,239.77,19.51,251.03,7.79,260.66,-4.25,269.6,--,--,--,--,--,--,--,--,--,--
9/30/21,--,--,--,--,--,--,--,--,--,--,--,--,--,--,12.72,103.51,24.16,113.74,34.63,126.08,43.34,141.83,49.06,161.92,50.43,185.1,47.01,207.3,39.79,225.45,30.18,239.53,19.2,250.78,7.49,260.4,-4.55,269.34,--,--,--,--,--,--,--,--,--,--
10/1/21,--,--,--,--,--,--,--,--,--,--,--,--,--,--,12.55,103.88,23.96,114.11,34.39,126.46,43.04,142.19,48.71,162.19,50.03,185.18,46.62,207.2,39.43,225.25,29.84,239.28,18.89,250.52,7.19,260.14,-4.84,269.07,--,--,--,--,--,--,--,--,--,--
10/2/21,--,--,--,--,--,--,--,--,--,--,--,--,--,--,12.37,104.24,23.75,114.48,34.14,126.84,42.75,142.54,48.35,162.44,49.64,185.26,46.23,207.1,39.06,225.04,29.51,239.04,18.58,250.26,6.9,259.88,-5.13,268.8,--,--,--,--,--,--,--,--,--,--
10/3/21,--,--,--,--,--,--,--,--,--,--,--,--,--,--,12.19,104.6,23.55,114.85,33.9,127.21,42.45,142.89,47.99,162.7,49.25,185.34,45.84,207,38.7,224.84,29.18,238.8,18.27,250.01,6.6,259.61,-5.42,268.54,--,--,--,--,--,--,--,--,--,--
10/4/21,--,--,--,--,--,--,--,--,--,--,--,--,--,--,12.01,104.95,23.34,115.21,33.65,127.58,42.15,143.23,47.64,162.94,48.86,185.41,45.45,206.9,38.34,224.64,28.84,238.55,17.96,249.75,6.31,259.35,-5.71,268.27,--,--,--,--,--,--,--,--,--,--
10/5/21,--,--,--,--,--,--,--,--,--,--,--,--,--,--,11.83,105.31,23.13,115.58,33.41,127.94,41.85,143.57,47.28,163.19,48.47,185.48,45.07,206.8,37.98,224.44,28.52,238.31,17.65,249.5,6.01,259.09,-5.99,268,--,--,--,--,--,--,--,--,--,--
10/6/21,--,--,--,--,--,--,--,--,--,--,--,--,--,--,11.64,105.66,22.93,115.93,33.16,128.3,41.55,143.9,46.93,163.42,48.08,185.54,44.68,206.7,37.63,224.25,28.19,238.08,17.35,249.24,5.72,258.83,-6.28,267.73,--,--,--,--,--,--,--,--,--,--
10/7/21,--,--,--,--,--,--,--,--,--,--,--,--,--,--,11.46,106.01,22.72,116.29,32.91,128.65,41.24,144.23,46.57,163.65,47.7,185.6,44.3,206.6,37.27,224.05,27.86,237.84,17.04,248.99,5.43,258.57,-6.56,267.46,--,--,--,--,--,--,--,--,--,--
10/8/21,--,--,--,--,--,--,--,--,--,--,--,--,--,--,11.27,106.36,22.5,116.64,32.65,129.01,40.94,144.55,46.22,163.87,47.31,185.66,43.92,206.5,36.92,223.85,27.54,237.6,16.74,248.73,5.15,258.31,-6.84,267.19,--,--,--,--,--,--,--,--,--,--
10/9/21,--,--,--,--,--,--,--,--,--,--,--,--,--,--,11.09,106.7,22.29,116.99,32.4,129.35,40.64,144.86,45.86,164.09,46.93,185.71,43.54,206.39,36.57,223.66,27.21,237.36,16.44,248.48,4.86,258.05,-7.12,266.92,--,--,--,--,--,--,--,--,--,--
10/10/21,--,--,--,--,--,--,--,--,--,--,--,--,--,--,--,--,22.08,117.33,32.15,129.69,40.33,145.17,45.51,164.3,46.55,185.76,43.17,206.29,36.22,223.46,26.89,237.13,16.14,248.23,4.58,257.79,-7.39,266.65,--,--,--,--,--,--,--,--,--,--
10/11/21,--,--,--,--,--,--,--,--,--,--,--,--,--,--,--,--,21.86,117.67,31.89,130.03,40.03,145.47,45.15,164.51,46.17,185.81,42.79,206.19,35.87,223.27,26.57,236.89,15.85,247.98,4.3,257.52,-7.66,266.38,--,--,--,--,--,--,--,--,--,--
10/12/21,--,--,--,--,--,--,--,--,--,--,--,--,--,--,--,--,21.64,118.01,31.64,130.36,39.72,145.77,44.8,164.71,45.79,185.86,42.42,206.08,35.52,223.07,26.26,236.66,15.56,247.73,4.03,257.26,-7.93,266.11,--,--,--,--,--,--,--,--,--,--
10/13/21,--,--,--,--,--,--,--,--,--,--,--,--,--,--,--,--,21.43,118.34,31.38,130.68,39.42,146.06,44.45,164.9,45.41,185.9,42.05,205.98,35.18,222.88,25.94,236.42,15.27,247.48,3.75,257,-8.2,265.84,--,--,--,--,--,--,--,--,--,--
10/14/21,--,--,--,--,--,--,--,--,--,--,--,--,--,--,--,--,21.21,118.67,31.12,131,39.11,146.34,44.1,165.09,45.04,185.93,41.69,205.87,34.84,222.69,25.63,236.19,14.98,247.23,3.48,256.74,-8.46,265.57,--,--,--,--,--,--,--,--,--,--
10/15/21,--,--,--,--,--,--,--,--,--,--,--,--,--,--,--,--,20.99,118.99,30.86,131.32,38.81,146.62,43.75,165.27,44.66,185.96,41.32,205.76,34.5,222.49,25.32,235.96,14.69,246.98,3.21,256.48,-8.72,265.3,--,--,--,--,--,--,--,--,--,--
10/16/21,--,--,--,--,--,--,--,--,--,--,--,--,--,--,--,--,20.77,119.31,30.61,131.63,38.5,146.89,43.4,165.44,44.29,185.99,40.96,205.66,34.17,222.3,25.02,235.73,14.41,246.73,2.95,256.22,-8.97,265.03,--,--,--,--,--,--,--,--,--,--
10/17/21,--,--,--,--,--,--,--,--,--,--,--,--,--,--,--,--,20.55,119.63,30.35,131.93,38.2,147.15,43.05,165.61,43.93,186.02,40.6,205.55,33.83,222.11,24.71,235.5,14.13,246.48,2.69,255.97,-9.22,264.76,--,--,--,--,--,--,--,--,--,--
10/18/21,--,--,--,--,--,--,--,--,--,--,--,--,--,--,--,--,20.32,119.94,30.09,132.23,37.89,147.41,42.71,165.78,43.56,186.04,40.24,205.44,33.5,221.92,24.42,235.27,13.86,246.23,2.43,255.71,-9.47,264.49,--,--,--,--,--,--,--,--,--,--
10/19/21,--,--,--,--,--,--,--,--,--,--,--,--,--,--,--,--,20.1,120.24,29.83,132.52,37.59,147.66,42.36,165.93,43.2,186.06,39.89,205.33,33.18,221.73,24.12,235.04,13.59,245.98,2.18,255.45,-9.72,264.22,--,--,--,--,--,--,--,--,--,--
10/20/21,--,--,--,--,--,--,--,--,--,--,--,--,--,--,--,--,19.88,120.55,29.57,132.81,37.28,147.9,42.02,166.08,42.84,186.07,39.54,205.22,32.86,221.54,23.83,234.81,13.32,245.74,1.93,255.19,-9.96,263.94,--,--,--,--,--,--,--,--,--,--
10/21/21,--,--,--,--,--,--,--,--,--,--,--,--,--,--,--,--,19.65,120.84,29.31,133.09,36.98,148.14,41.68,166.23,42.48,186.09,39.2,205.1,32.54,221.35,23.54,234.58,13.05,245.49,1.68,254.93,-10.19,263.67,--,--,--,--,--,--,--,--,--,--
10/22/21,--,--,--,--,--,--,--,--,--,--,--,--,--,--,--,--,19.43,121.13,29.05,133.37,36.68,148.37,41.34,166.37,42.13,186.09,38.85,204.99,32.22,221.16,23.25,234.35,12.79,245.25,1.44,254.68,-10.43,263.4,--,--,--,--,--,--,--,--,--,--
10/23/21,--,--,--,--,--,--,--,--,--,--,--,--,--,--,--,--,19.2,121.42,28.78,133.64,36.38,148.6,41,166.5,41.77,186.1,38.51,204.87,31.91,220.97,22.97,234.13,12.54,245,1.2,254.42,-10.65,263.13,--,--,--,--,--,--,--,--,--,--
10/24/21,--,--,--,--,--,--,--,--,--,--,--,--,--,--,--,--,18.98,121.7,28.52,133.9,36.08,148.82,40.67,166.63,41.43,186.1,38.18,204.76,31.6,220.78,22.69,233.9,12.28,244.76,0.96,254.16,-10.88,262.86,--,--,--,--,--,--,--,--,--,--
10/25/21,--,--,--,--,--,--,--,--,--,--,--,--,--,--,--,--,18.75,121.98,28.26,134.16,35.78,149.03,40.34,166.75,41.08,186.09,37.85,204.64,31.3,220.59,22.42,233.68,12.03,244.52,0.73,253.91,-11.1,262.59,--,--,--,--,--,--,--,--,--,--
10/26/21,--,--,--,--,--,--,--,--,--,--,--,--,--,--,--,--,18.53,122.25,28,134.41,35.48,149.23,40.01,166.87,40.74,186.09,37.52,204.52,31,220.4,22.15,233.45,11.79,244.27,0.51,253.65,-11.31,262.32,--,--,--,--,--,--,--,--,--,--
10/27/21,--,--,--,--,--,--,--,--,--,--,--,--,--,--,--,--,18.3,122.51,27.74,134.65,35.18,149.43,39.68,166.98,40.4,186.08,37.19,204.4,30.7,220.21,21.88,233.23,11.55,244.03,0.29,253.4,-11.52,262.05,--,--,--,--,--,--,--,--,--,--
10/28/21,--,--,--,--,--,--,--,--,--,--,--,--,--,--,--,--,18.07,122.77,27.48,134.89,34.89,149.62,39.36,167.08,40.07,186.06,36.88,204.28,30.41,220.03,21.62,233.01,11.31,243.79,0.07,253.15,-11.73,261.79,--,--,--,--,--,--,--,--,--,--
10/29/21,--,--,--,--,--,--,--,--,--,--,--,--,--,--,--,--,17.85,123.03,27.23,135.12,34.6,149.81,39.03,167.18,39.74,186.04,36.56,204.16,30.12,219.84,21.36,232.78,11.08,243.55,-0.14,252.89,-11.93,261.52,--,--,--,--,--,--,--,--,--,--
10/30/21,--,--,--,--,--,--,--,--,--,--,--,--,--,--,--,--,17.62,123.27,26.97,135.35,34.3,149.99,38.72,167.27,39.41,186.02,36.25,204.04,29.84,219.65,21.11,232.56,10.85,243.32,-0.35,252.64,-12.12,261.25,--,--,--,--,--,--,--,--,--,--
10/31/21,--,--,--,--,--,--,--,--,--,--,--,--,--,--,--,--,17.39,123.52,26.71,135.57,34.01,150.16,38.4,167.36,39.09,186,35.94,203.91,29.56,219.46,20.86,232.34,10.63,243.08,-0.55,252.39,-12.31,260.99,--,--,--,--,--,--,--,--,--,--
11/1/21,--,--,--,--,--,--,--,--,--,--,--,--,--,--,--,--,17.17,123.75,26.45,135.78,33.73,150.32,38.09,167.44,38.77,185.97,35.64,203.79,29.29,219.27,20.62,232.12,10.42,242.84,-0.75,252.14,-12.5,260.72,--,--,--,--,--,--,--,--,--,--
11/2/21,--,--,--,--,--,--,--,--,--,--,--,--,--,--,--,--,16.94,123.98,26.2,135.99,33.44,150.48,37.78,167.52,38.46,185.94,35.34,203.66,29.02,219.09,20.38,231.9,10.2,242.61,-0.95,251.9,--,--,--,--,--,--,--,--,--,--,--,--
11/3/21,--,--,--,--,--,--,--,--,--,--,--,--,--,--,--,--,16.72,124.21,25.95,136.19,33.16,150.64,37.47,167.59,38.15,185.9,35.05,203.53,28.75,218.9,20.14,231.69,9.99,242.37,-1.13,251.65,--,--,--,--,--,--,--,--,--,--,--,--
11/4/21,--,--,--,--,--,--,--,--,--,--,--,--,--,--,--,--,16.49,124.43,25.69,136.38,32.87,150.78,37.17,167.65,37.84,185.87,34.76,203.4,28.5,218.71,19.92,231.47,9.79,242.14,-1.32,251.4,--,--,--,--,--,--,--,--,--,--,--,--
11/5/21,--,--,--,--,--,--,--,--,--,--,--,--,--,--,--,--,16.27,124.64,25.44,136.57,32.59,150.92,36.87,167.71,37.54,185.82,34.48,203.27,28.24,218.53,19.69,231.25,9.6,241.91,-1.49,251.16,--,--,--,--,--,--,--,--,--,--,--,--
11/6/21,--,--,--,--,--,--,--,--,--,--,--,--,--,--,--,--,16.04,124.85,25.19,136.75,32.32,151.05,36.58,167.76,37.25,185.78,34.2,203.14,27.99,218.34,19.47,231.04,9.4,241.68,-1.66,250.92,--,--,--,--,--,--,--,--,--,--,--,--
11/7/21,--,--,--,--,--,--,--,--,--,--,--,--,--,--,--,--,5.37,114.98,15.82,125.05,24.94,136.93,32.04,151.18,36.28,167.81,36.96,185.73,33.93,203.01,27.75,218.15,19.26,230.82,9.22,241.45,--,--,--,--,--,--,--,--,--,--,--,--
11/8/21,--,--,--,--,--,--,--,--,--,--,--,--,--,--,--,--,5.17,115.2,15.6,125.24,24.7,137.09,31.77,151.3,36,167.85,36.67,185.68,33.66,202.87,27.51,217.97,19.05,230.61,9.04,241.22,--,--,--,--,--,--,--,--,--,--,--,--
11/9/21,--,--,--,--,--,--,--,--,--,--,--,--,--,--,--,--,4.97,115.4,15.38,125.43,24.45,137.26,31.5,151.41,35.71,167.89,36.39,185.62,33.4,202.74,27.28,217.78,18.85,230.4,8.86,240.99,--,--,--,--,--,--,--,--,--,--,--,--
11/10/21,--,--,--,--,--,--,--,--,--,--,--,--,--,--,--,--,4.77,115.6,15.16,125.61,24.21,137.41,31.24,151.52,35.43,167.92,36.11,185.57,33.15,202.6,27.06,217.6,18.66,230.19,8.69,240.77,--,--,--,--,--,--,--,--,--,--,--,--
11/11/21,--,--,--,--,--,--,--,--,--,--,--,--,--,--,--,--,4.57,115.79,14.94,125.79,23.97,137.56,30.98,151.62,35.16,167.95,35.84,185.5,32.9,202.47,26.84,217.41,18.47,229.98,8.53,240.55,--,--,--,--,--,--,--,--,--,--,--,--
11/12/21,--,--,--,--,--,--,--,--,--,--,--,--,--,--,--,--,4.37,115.98,14.72,125.95,23.73,137.7,30.72,151.71,34.89,167.97,35.58,185.44,32.65,202.33,26.62,217.23,18.28,229.77,8.37,240.33,--,--,--,--,--,--,--,--,--,--,--,--
11/13/21,--,--,--,--,--,--,--,--,--,--,--,--,--,--,--,--,4.17,116.16,14.51,126.12,23.49,137.83,30.46,151.8,34.62,167.99,35.31,185.37,32.41,202.19,26.41,217.04,18.1,229.57,8.21,240.11,--,--,--,--,--,--,--,--,--,--,--,--
11/14/21,--,--,--,--,--,--,--,--,--,--,--,--,--,--,--,--,3.98,116.33,14.29,126.27,23.26,137.96,30.21,151.88,34.36,168,35.06,185.3,32.18,202.05,26.21,216.86,17.93,229.36,8.07,239.89,--,--,--,--,--,--,--,--,--,--,--,--
11/15/21,--,--,--,--,--,--,--,--,--,--,--,--,--,--,--,--,3.78,116.5,14.08,126.42,23.03,138.08,29.96,151.95,34.1,168,34.81,185.23,31.95,201.91,26.01,216.68,17.76,229.16,7.93,239.67,--,--,--,--,--,--,--,--,--,--,--,--
11/16/21,--,--,--,--,--,--,--,--,--,--,--,--,--,--,--,--,3.59,116.66,13.87,126.56,22.8,138.2,29.71,152.02,33.85,168,34.57,185.15,31.73,201.77,25.82,216.5,17.6,228.95,7.79,239.46,--,--,--,--,--,--,--,--,--,--,--,--
11/17/21,--,--,--,--,--,--,--,--,--,--,--,--,--,--,--,--,3.39,116.82,13.66,126.7,22.57,138.3,29.47,152.09,33.61,168,34.33,185.07,31.52,201.63,25.64,216.32,17.45,228.75,7.66,239.25,--,--,--,--,--,--,--,--,--,--,--,--
11/18/21,--,--,--,--,--,--,--,--,--,--,--,--,--,--,--,--,3.2,116.97,13.45,126.83,22.35,138.4,29.24,152.14,33.36,167.99,34.1,184.99,31.31,201.48,25.46,216.14,17.3,228.55,7.54,239.04,--,--,--,--,--,--,--,--,--,--,--,--
11/19/21,--,--,--,--,--,--,--,--,--,--,--,--,--,--,--,--,3.01,117.11,13.25,126.95,22.13,138.5,29,152.19,33.13,167.98,33.87,184.91,31.11,201.34,25.29,215.96,17.16,228.36,7.42,238.83,--,--,--,--,--,--,--,--,--,--,--,--
11/20/21,--,--,--,--,--,--,--,--,--,--,--,--,--,--,--,--,2.82,117.25,13.05,127.07,21.91,138.59,28.77,152.23,32.9,167.96,33.65,184.82,30.91,201.2,25.12,215.78,17.02,228.16,7.31,238.63,--,--,--,--,--,--,--,--,--,--,--,--
11/21/21,--,--,--,--,--,--,--,--,--,--,--,--,--,--,--,--,2.64,117.38,12.84,127.18,21.69,138.67,28.55,152.27,32.67,167.94,33.44,184.73,30.72,201.05,24.96,215.6,16.89,227.97,7.21,238.43,--,--,--,--,--,--,--,--,--,--,--,--
11/22/21,--,--,--,--,--,--,--,--,--,--,--,--,--,--,--,--,2.45,117.5,12.65,127.28,21.48,138.74,28.33,152.3,32.45,167.91,33.23,184.64,30.54,200.91,24.81,215.42,16.77,227.78,7.11,238.23,--,--,--,--,--,--,--,--,--,--,--,--
11/23/21,--,--,--,--,--,--,--,--,--,--,--,--,--,--,--,--,2.27,117.61,12.45,127.38,21.27,138.81,28.11,152.33,32.23,167.88,33.03,184.54,30.36,200.76,24.66,215.25,16.65,227.59,7.02,238.03,--,--,--,--,--,--,--,--,--,--,--,--
11/24/21,--,--,--,--,--,--,--,--,--,--,--,--,--,--,--,--,2.08,117.72,12.26,127.47,21.07,138.87,27.9,152.35,32.02,167.84,32.83,184.44,30.19,200.61,24.52,215.07,16.54,227.4,6.93,237.84,--,--,--,--,--,--,--,--,--,--,--,--
11/25/21,--,--,--,--,--,--,--,--,--,--,--,--,--,--,--,--,1.9,117.83,12.07,127.55,20.87,138.93,27.7,152.36,31.82,167.8,32.65,184.34,30.03,200.47,24.39,214.9,16.44,227.21,6.85,237.65,--,--,--,--,--,--,--,--,--,--,--,--
11/26/21,--,--,--,--,--,--,--,--,--,--,--,--,--,--,--,--,1.73,117.92,11.88,127.63,20.67,138.98,27.5,152.37,31.62,167.75,32.46,184.24,29.87,200.32,24.27,214.73,16.34,227.03,6.78,237.46,--,--,--,--,--,--,--,--,--,--,--,--
11/27/21,--,--,--,--,--,--,--,--,--,--,--,--,--,--,--,--,1.55,118.01,11.69,127.7,20.48,139.02,27.3,152.37,31.43,167.7,32.29,184.14,29.73,200.18,24.15,214.56,16.25,226.85,6.71,237.28,--,--,--,--,--,--,--,--,--,--,--,--
11/28/21,--,--,--,--,--,--,--,--,--,--,--,--,--,--,--,--,1.38,118.09,11.51,127.76,20.29,139.05,27.11,152.37,31.25,167.65,32.12,184.03,29.58,200.03,24.04,214.39,16.17,226.67,6.65,237.09,--,--,--,--,--,--,--,--,--,--,--,--
11/29/21,--,--,--,--,--,--,--,--,--,--,--,--,--,--,--,--,1.2,118.17,11.33,127.82,20.11,139.08,26.92,152.36,31.07,167.59,31.96,183.92,29.45,199.88,23.93,214.22,16.09,226.5,6.6,236.92,--,--,--,--,--,--,--,--,--,--,--,--
11/30/21,--,--,--,--,--,--,--,--,--,--,--,--,--,--,--,--,1.04,118.24,11.16,127.87,19.93,139.11,26.74,152.35,30.89,167.53,31.8,183.81,29.32,199.73,23.83,214.06,16.02,226.32,6.55,236.74,--,--,--,--,--,--,--,--,--,--,--,--
12/1/21,--,--,--,--,--,--,--,--,--,--,--,--,--,--,--,--,0.87,118.3,10.99,127.91,19.75,139.12,26.56,152.33,30.73,167.46,31.65,183.7,29.2,199.59,23.74,213.89,15.96,226.15,6.51,236.57,--,--,--,--,--,--,--,--,--,--,--,--
12/2/21,--,--,--,--,--,--,--,--,--,--,--,--,--,--,--,--,0.71,118.36,10.82,127.95,19.58,139.14,26.39,152.3,30.57,167.39,31.51,183.58,29.09,199.44,23.66,213.73,15.9,225.99,6.47,236.4,--,--,--,--,--,--,--,--,--,--,--,--
12/3/21,--,--,--,--,--,--,--,--,--,--,--,--,--,--,--,--,0.55,118.41,10.65,127.98,19.41,139.14,26.23,152.27,30.41,167.32,31.38,183.47,28.98,199.29,23.58,213.57,15.85,225.82,6.45,236.24,--,--,--,--,--,--,--,--,--,--,--,--
12/4/21,--,--,--,--,--,--,--,--,--,--,--,--,--,--,--,--,0.39,118.45,10.49,128,19.25,139.14,26.07,152.24,30.26,167.24,31.25,183.35,28.88,199.15,23.51,213.41,15.8,225.66,6.42,236.08,--,--,--,--,--,--,--,--,--,--,--,--
12/5/21,--,--,--,--,--,--,--,--,--,--,--,--,--,--,--,--,0.24,118.48,10.34,128.02,19.09,139.13,25.92,152.2,30.12,167.16,31.13,183.23,28.79,199,23.45,213.25,15.77,225.5,6.41,235.92,--,--,--,--,--,--,--,--,--,--,--,--
12/6/21,--,--,--,--,--,--,--,--,--,--,--,--,--,--,--,--,0.08,118.51,10.18,128.03,18.94,139.12,25.77,152.15,29.99,167.08,31.02,183.11,28.7,198.86,23.39,213.1,15.74,225.35,6.4,235.77,--,--,--,--,--,--,--,--,--,--,--,--
12/7/21,--,--,--,--,--,--,--,--,--,--,--,--,--,--,--,--,-0.06,118.53,10.03,128.03,18.79,139.1,25.63,152.1,29.86,166.99,30.92,182.99,28.63,198.71,23.34,212.95,15.71,225.2,6.4,235.62,--,--,--,--,--,--,--,--,--,--,--,--
12/8/21,--,--,--,--,--,--,--,--,--,--,--,--,--,--,--,--,-0.21,118.55,9.89,128.03,18.65,139.07,25.49,152.04,29.74,166.9,30.82,182.87,28.56,198.57,23.3,212.8,15.7,225.05,6.4,235.47,--,--,--,--,--,--,--,--,--,--,--,--
12/9/21,--,--,--,--,--,--,--,--,--,--,--,--,--,--,--,--,-0.35,118.56,9.75,128.02,18.51,139.04,25.36,151.98,29.63,166.81,30.73,182.74,28.49,198.43,23.27,212.65,15.69,224.9,6.41,235.33,--,--,--,--,--,--,--,--,--,--,--,--
12/10/21,--,--,--,--,--,--,--,--,--,--,--,--,--,--,--,--,-0.49,118.56,9.61,128.01,18.38,139.01,25.24,151.92,29.52,166.71,30.64,182.61,28.44,198.29,23.24,212.5,15.68,224.76,6.42,235.2,--,--,--,--,--,--,--,--,--,--,--,--
12/11/21,--,--,--,--,--,--,--,--,--,--,--,--,--,--,--,--,-0.62,118.55,9.48,127.99,18.25,138.96,25.12,151.85,29.42,166.61,30.57,182.49,28.39,198.15,23.22,212.36,15.69,224.62,6.44,235.07,--,--,--,--,--,--,--,--,--,--,--,--
12/12/21,--,--,--,--,--,--,--,--,--,--,--,--,--,--,--,--,-0.75,118.54,9.35,127.96,18.13,138.92,25.01,151.77,29.33,166.5,30.5,182.36,28.35,198.01,23.21,212.22,15.7,224.49,6.47,234.94,--,--,--,--,--,--,--,--,--,--,--,--
12/13/21,--,--,--,--,--,--,--,--,--,--,--,--,--,--,--,--,--,--,9.23,127.93,18.01,138.86,24.91,151.7,29.24,166.4,30.44,182.23,28.32,197.87,23.2,212.08,15.71,224.36,6.51,234.82,--,--,--,--,--,--,--,--,--,--,--,--
12/14/21,--,--,--,--,--,--,--,--,--,--,--,--,--,--,--,--,--,--,9.11,127.89,17.9,138.8,24.81,151.61,29.16,166.29,30.39,182.1,28.29,197.73,23.2,211.95,15.73,224.23,6.55,234.7,--,--,--,--,--,--,--,--,--,--,--,--
12/15/21,--,--,--,--,--,--,--,--,--,--,--,--,--,--,--,--,--,--,9,127.84,17.8,138.74,24.72,151.52,29.09,166.18,30.34,181.97,28.28,197.59,23.21,211.82,15.76,224.11,6.59,234.59,--,--,--,--,--,--,--,--,--,--,--,--
12/16/21,--,--,--,--,--,--,--,--,--,--,--,--,--,--,--,--,--,--,8.89,127.79,17.7,138.67,24.63,151.43,29.02,166.06,30.3,181.84,28.27,197.46,23.22,211.69,15.8,223.99,6.64,234.48,--,--,--,--,--,--,--,--,--,--,--,--
12/17/21,--,--,--,--,--,--,--,--,--,--,--,--,--,--,--,--,--,--,8.79,127.73,17.61,138.6,24.55,151.34,28.97,165.94,30.27,181.71,28.26,197.33,23.25,211.56,15.84,223.88,6.7,234.38,--,--,--,--,--,--,--,--,--,--,--,--
12/18/21,--,--,--,--,--,--,--,--,--,--,--,--,--,--,--,--,--,--,8.69,127.67,17.52,138.52,24.48,151.24,28.92,165.82,30.25,181.58,28.27,197.19,23.28,211.44,15.89,223.77,6.76,234.28,--,--,--,--,--,--,--,--,--,--,--,--
12/19/21,--,--,--,--,--,--,--,--,--,--,--,--,--,--,--,--,--,--,8.6,127.6,17.44,138.43,24.42,151.13,28.87,165.7,30.23,181.45,28.28,197.06,23.31,211.32,15.95,223.67,6.83,234.19,--,--,--,--,--,--,--,--,--,--,--,--
12/20/21,--,--,--,--,--,--,--,--,--,--,--,--,--,--,--,--,--,--,8.51,127.53,17.36,138.34,24.36,151.02,28.84,165.58,30.22,181.32,28.3,196.94,23.36,211.21,16.01,223.57,6.91,234.1,--,--,--,--,--,--,--,--,--,--,--,--
12/21/21,--,--,--,--,--,--,--,--,--,--,--,--,--,--,--,--,--,--,8.43,127.45,17.29,138.25,24.31,150.91,28.81,165.45,30.22,181.18,28.33,196.81,23.41,211.1,16.08,223.47,6.99,234.02,--,--,--,--,--,--,--,--,--,--,--,--
12/22/21,--,--,--,--,--,--,--,--,--,--,--,--,--,--,--,--,--,--,8.35,127.36,17.23,138.15,24.26,150.8,28.79,165.32,30.23,181.05,28.36,196.69,23.46,210.99,16.15,223.38,7.07,233.94,--,--,--,--,--,--,--,--,--,--,--,--
12/23/21,--,--,--,--,--,--,--,--,--,--,--,--,--,--,--,--,--,--,8.28,127.27,17.17,138.04,24.22,150.68,28.78,165.19,30.25,180.92,28.4,196.57,23.53,210.88,16.23,223.3,7.16,233.87,--,--,--,--,--,--,--,--,--,--,--,--
12/24/21,--,--,--,--,--,--,--,--,--,--,--,--,--,--,--,--,--,--,8.21,127.18,17.12,137.93,24.19,150.56,28.77,165.06,30.27,180.79,28.45,196.45,23.6,210.78,16.32,223.21,7.26,233.81,--,--,--,--,--,--,--,--,--,--,--,--
12/25/21,--,--,--,--,--,--,--,--,--,--,--,--,--,--,--,--,--,--,8.15,127.07,17.08,137.82,24.17,150.43,28.77,164.93,30.3,180.66,28.51,196.33,23.68,210.69,16.41,223.14,7.36,233.75,--,--,--,--,--,--,--,--,--,--,--,--
12/26/21,--,--,--,--,--,--,--,--,--,--,--,--,--,--,--,--,--,--,8.1,126.97,17.04,137.7,24.15,150.3,28.78,164.79,30.34,180.53,28.57,196.21,23.76,210.6,16.51,223.07,7.47,233.69,--,--,--,--,--,--,--,--,--,--,--,--
12/27/21,--,--,--,--,--,--,--,--,--,--,--,--,--,--,--,--,--,--,8.05,126.86,17.01,137.58,24.14,150.17,28.8,164.66,30.38,180.4,28.64,196.1,23.85,210.51,16.61,223,7.58,233.65,--,--,--,--,--,--,--,--,--,--,--,--
12/28/21,--,--,--,--,--,--,--,--,--,--,--,--,--,--,--,--,--,--,8.01,126.74,16.98,137.45,24.14,150.03,28.83,164.52,30.43,180.27,28.72,195.99,23.95,210.42,16.72,222.94,7.7,233.6,--,--,--,--,--,--,--,--,--,--,--,--
12/29/21,--,--,--,--,--,--,--,--,--,--,--,--,--,--,--,--,--,--,7.97,126.62,16.96,137.32,24.15,149.89,28.86,164.38,30.49,180.14,28.81,195.89,24.05,210.34,16.83,222.89,7.82,233.57,--,--,--,--,--,--,--,--,--,--,--,--
12/30/21,--,--,--,--,--,--,--,--,--,--,--,--,--,--,--,--,--,--,7.94,126.49,16.95,137.19,24.16,149.75,28.9,164.24,30.56,180.01,28.9,195.78,24.16,210.27,16.96,222.84,7.95,233.54,--,--,--,--,--,--,--,--,--,--,--,--
12/31/21,--,--,--,--,--,--,--,--,--,--,--,--,--,--,--,--,--,--,7.92,126.36,16.94,137.05,24.18,149.61,28.94,164.09,30.64,179.88,29,195.68,24.28,210.2,17.08,222.79,8.08,233.51,--,--,--,--,--,--,--,--,--,--,--,--
1/1/22,--,--,--,--,--,--,--,--,--,--,--,--,--,--,--,--,--,--,7.89,126.19,16.95,136.87,24.21,149.43,29.01,163.92,30.74,179.72,29.13,195.56,24.43,210.11,17.25,222.74,8.25,233.49,--,--,--,--,--,--,--,--,--,--,--,--